CustomerID,Recency,Frequency,Monetary,Avg_Order_Hour_Sin,Avg_Order_Hour_Cos,Weekend_Ratio,Avg_Basket_Size,Avg_Basket_Value,Avg_Basket_Product_Diversity,Avg_Basket_Item_Price,Avg_Basket_Price_Variance,Min_Item_Price_Paid,Max_Item_Price_Paid,Median_Item_Price_Paid,Avg_Product_Popularity,Cluster
12347.0,33,1,711.79,-0.4999999999999997,-0.8660254037844388,0.0,319.0,711.79,31.0,2.89,1.505489953470298,0.65,5.95,3.25,381.8709677419355,6
12348.0,24,1,892.8,-0.9659258262890684,0.2588190451025203,0.0,1254.0,892.8,13.0,2.9176470588235297,9.562247074702006,0.29,40.0,0.55,1115.0588235294117,4
12370.0,24,2,1868.02,0.0621632335109053,-0.9742511455988174,0.0,484.0,934.01,45.0,5.240617469879519,7.224692607979839,0.65,40.0,2.1,290.2967032967033,6
12377.0,21,1,1001.52,0.7071067811865476,-0.7071067811865475,0.0,604.0,1001.52,43.0,2.106279069767442,1.4244648506516302,0.42,4.95,1.95,372.86046511627904,6
12383.0,19,1,600.72,-0.4999999999999997,-0.8660254037844387,0.0,754.0,600.72,37.0,1.3251351351351353,2.4213272549731224,0.12,15.0,0.65,554.918918918919,6
12386.0,4,2,401.9,0.565685424949238,-0.765685424949238,0.0,177.0,200.95,5.0,1.888125,1.320215950909584,0.36,6.75,1.45,241.6,3
12395.0,23,2,679.92,-0.8660254037844384,-0.5000000000000004,0.0,376.5,339.96000000000004,15.5,3.339802631578947,5.265423600398974,0.19,18.0,0.85,698.516129032258,4
12413.0,3,1,479.25,-0.8660254037844384,-0.5000000000000004,0.0,180.0,479.25,24.0,5.125,6.642452402015651,0.65,29.95,2.95,425.1666666666667,4
12415.0,4,1,7011.38,0.258819045102521,-0.965925826289068,0.0,4662.0,7011.38,46.0,1.871304347826087,1.3871611437202758,0.37,6.75,1.5499999999999998,405.0434782608696,6
12417.0,24,1,291.34,0.258819045102521,-0.9659258262890682,0.0,60.0,291.34,11.0,7.003636363636363,5.179174205850336,1.69,15.0,3.75,294.72727272727275,2
12423.0,20,1,237.93,0.4999999999999999,-0.8660254037844387,0.0,188.0,237.93,16.0,2.636875,3.837048724823112,0.42,15.0,1.25,360.8125,2
12427.0,38,1,303.5,0.4999999999999999,-0.8660254037844387,0.0,79.0,303.5,10.0,4.925,5.233452758722274,1.65,18.0,2.55,193.1,2
12429.0,32,1,1281.5,1.2246467991473532e-16,-1.0,0.0,454.0,1281.5,20.0,4.6485,4.519652146605509,0.42,18.0,3.75,315.6,6
12431.0,24,2,773.95,0.0833333333333334,-0.8660254037844388,0.0,126.5,386.975,11.5,4.394285714285715,2.707856298493624,0.85,8.5,4.35,434.4583333333333,2
12433.0,32,2,3787.12,-0.5644875521940983,-0.7313781314224627,0.0,1791.0,1893.56,73.5,1.6232191780821918,1.7357007987292243,0.29,8.5,1.25,572.795918367347,6
12441.0,33,1,173.55,0.4999999999999999,-0.8660254037844388,0.0,121.0,173.55,11.0,3.700909090909091,4.959059294957975,0.42,18.0,2.95,374.45454545454544,2
12471.0,24,4,3874.36,0.5419481415766431,-0.8024611662243183,0.0,386.5,968.59,18.75,7.605589046493302,4.037553724766739,0.21,18.0,2.1,453.60526315789474,1
12472.0,36,1,1631.3,-0.4999999999999997,-0.8660254037844388,1.0,972.0,1631.3,70.0,2.400142857142857,2.9545143512529823,0.12,18.0,1.65,485.9,6
12476.0,27,1,12.45,-0.4999999999999997,-0.8660254037844388,0.0,2.0,12.45,2.0,6.225,3.2173358543987907,3.95,8.5,6.225,103.0,5
12480.0,2,1,816.25,-0.7071067811865471,-0.7071067811865479,0.0,367.0,816.25,42.0,2.880952380952381,2.8715372015901424,0.85,18.0,2.175,319.4761904761905,6
12481.0,3,3,1394.43,0.1851025788209007,-0.8245683718023803,0.0,244.0,464.81,15.333333333333334,4.594416666666667,5.25534173568886,0.19,18.0,1.65,430.9565217391304,1
12483.0,6,1,547.56,-0.4999999999999997,-0.8660254037844388,0.0,293.0,547.56,13.0,4.423076923076923,10.743935797009232,0.19,40.0,1.65,534.0,6
12484.0,3,1,1138.67,-0.4999999999999997,-0.8660254037844388,0.0,630.0,1138.67,98.0,2.924897959183673,3.5070410016734157,0.19,28.0,1.7999999999999998,435.2857142857143,6
12489.0,3,1,334.93,-0.2588190451025208,-0.9659258262890684,0.0,105.0,334.93,15.0,5.908,5.402178396588863,0.42,18.0,3.35,210.46666666666667,2
12494.0,25,2,62.55,0.258819045102521,-0.9659258262890682,0.0,6.0,31.275,2.0,6.141666666666667,7.529995573261204,1.65,18.0,6.949999999999999,258.5,5
12501.0,3,1,2169.39,1.2246467991473532e-16,-1.0,0.0,1783.0,2169.39,149.0,2.4126845637583894,2.783473581131085,0.19,18.0,1.49,312.7315436241611,6
12515.0,19,1,383.7,-0.7071067811865471,-0.7071067811865479,0.0,131.0,383.7,16.0,6.78125,8.590690212860276,0.55,35.0,3.95,449.0,4
12530.0,3,1,387.4,0.4999999999999999,-0.8660254037844387,0.0,95.0,387.4,13.0,6.623076923076923,9.739623011711307,0.65,34.95,2.95,700.7692307692307,2
12540.0,28,1,881.01,0.7071067811865476,-0.7071067811865475,0.0,300.0,881.01,20.0,4.857,6.555389987997423,0.29,28.0,2.75,798.7,6
12551.0,24,1,168.0,0.258819045102521,-0.965925826289068,0.0,100.0,168.0,10.0,1.6800000000000002,0.3198958163736021,1.25,1.95,1.7999999999999998,755.3,3
12557.0,38,1,620.0,1.2246467991473532e-16,-1.0,0.0,400.0,620.0,5.0,1.5699999999999998,0.1095445115010331,1.45,1.65,1.65,686.0,3
12567.0,34,2,1942.38,0.3169349378489015,-0.9418534353240972,0.7590361445783133,389.0,971.19,41.5,4.109535714285714,4.96016401390374,0.21,42.95,2.95,340.7469879518072,6
12577.0,25,1,195.89,-0.8660254037844384,-0.5000000000000004,0.0,134.0,195.89,67.0,1.7570149253731344,1.2117080543038274,0.29,6.75,1.25,269.02985074626866,4
12583.0,3,2,1586.02,0.4123930494211614,-0.7619047619047619,0.0,470.0,793.01,21.0,2.909295454545455,3.806771807838581,0.19,18.0,1.65,579.0,1
12585.0,18,1,1262.85,1.2246467991473532e-16,-1.0,0.0,872.0,1262.85,65.0,2.8266153846153843,3.819701917739736,0.29,18.0,1.45,486.2769230769231,6
12600.0,24,2,274.8,0.5050762722761054,-0.7907905579903911,0.0,37.0,137.4,3.5,8.4375,8.916637716185363,1.65,18.0,5.95,708.0,2
12621.0,24,2,1383.65,0.21875,-0.941386114155692,0.0,277.5,691.825,16.0,3.821468253968254,4.53452255608962,0.19,18.0,1.875,607.71875,1
12647.0,24,4,1193.6,-0.2021276595744679,-0.9458400568490284,0.4042553191489361,82.25,298.4,11.75,7.596089572192513,6.101637415988591,0.0,18.0,4.25,245.9787234042553,1
12651.0,1,1,114.0,1.2246467991473532e-16,-1.0,1.0,78.0,114.0,9.0,2.244444444444445,1.985328128491051,0.65,5.95,1.25,294.8888888888889,0
12662.0,40,1,261.48,-0.2588190451025208,-0.9659258262890684,0.0,157.0,261.48,15.0,2.958,4.274696647549558,0.42,18.0,1.65,544.0666666666667,2
12668.0,22,1,469.87,1.2246467991473532e-16,-1.0,1.0,337.0,469.87,24.0,3.0525,4.248401489665414,0.19,18.0,1.47,416.375,0
12678.0,20,2,221.28,-0.3482361909794956,-0.8860054882853646,0.0,13.0,110.64,2.5,78.17375,7.79876218810823,1.49,150.0,2.95,329.0,5
12681.0,5,3,2674.18,-0.0245901639344261,-0.9033625863363164,0.0,517.0,891.3933333333333,40.66666666666666,2.825798050408539,3.4459263626148964,0.19,18.0,1.65,448.3114754098361,1
12682.0,4,3,1910.4,-0.4566416260858462,-0.883985030302125,0.0,283.0,636.8000000000001,29.666666666666668,3.410521464646465,3.7776900948263807,0.42,18.0,1.65,533.9550561797753,1
12683.0,32,2,1063.08,0.1203703703703704,-0.9677468564666242,0.0,332.0,531.54,27.0,3.318630393996248,4.0837311086381325,0.42,18.0,1.65,353.8703703703704,6
12686.0,38,1,89.14,0.7071067811865476,-0.7071067811865474,0.0,107.0,89.14,7.0,3.2585714285714285,6.513942555706769,0.42,18.0,0.85,430.2857142857143,2
12691.0,23,1,180.0,-0.4999999999999997,-0.8660254037844389,0.0,65.0,180.0,5.0,6.7,6.761656601750786,1.65,18.0,2.95,607.4,2
12705.0,23,1,858.0,-0.7071067811865471,-0.7071067811865479,0.0,397.0,858.0,30.0,3.655666666666667,4.217847697037234,0.42,18.0,1.95,664.2333333333333,6
12708.0,35,1,196.44,0.4999999999999999,-0.8660254037844387,0.0,89.0,196.44,14.0,3.452142857142857,4.372445502270974,0.85,18.0,2.12,457.5,2
12709.0,24,2,1315.69,0.3535533905932738,-0.8535533905932737,0.0,136.0,657.845,7.0,6.429285714285714,5.731080593436772,0.21,18.0,5.85,306.5,2
12712.0,32,2,470.63,-0.0826495251936133,-0.9209706361619848,0.0,72.0,235.315,10.0,5.27520202020202,5.203017570160623,0.65,18.0,2.95,228.45,2
12720.0,24,2,657.13,-0.4714045207910314,-0.8047378541243654,0.6666666666666666,261.5,328.565,22.5,2.7006666666666668,4.093711444385917,0.19,18.0,1.25,565.1333333333333,0
12721.0,21,1,286.6,0.258819045102521,-0.9659258262890682,0.0,129.0,286.6,15.0,3.9166666666666665,4.416999089017447,0.85,18.0,1.95,648.3333333333334,2
12725.0,37,1,427.8,-0.7071067811865471,-0.7071067811865479,0.0,164.0,427.8,24.0,4.104166666666667,5.296202837198895,0.65,28.0,3.6,169.83333333333334,4
12726.0,24,1,170.28,1.2246467991473532e-16,-1.0,0.0,333.0,170.28,6.0,3.765,6.9916342867744445,0.19,18.0,1.05,937.3333333333334,2
12731.0,31,1,1071.9,0.4999999999999999,-0.8660254037844387,0.0,418.0,1071.9,16.0,3.65625,4.436304580766895,0.42,18.0,1.5699999999999998,733.375,6
12734.0,19,1,110.4,1.2246467991473532e-16,-1.0,0.0,88.0,110.4,4.0,1.185,0.8833459118601275,0.42,1.95,1.185,230.25,3
12735.0,4,1,319.77,-0.4999999999999998,-0.8660254037844388,0.0,263.0,319.77,22.0,4.297727272727273,5.629400654741295,0.29,18.0,1.65,444.59090909090907,6
12738.0,38,1,155.35,-1.0,-1.8369701987210294e-16,0.0,148.0,155.35,11.0,3.95,5.754172399224758,0.55,18.0,0.85,1137.2727272727273,4
12747.0,28,2,706.27,-0.0633164978870553,-0.791863379905423,0.4666666666666667,106.5,353.135,7.5,3.6242857142857146,2.0688844696683613,1.65,7.95,2.55,740.5333333333333,2
12748.0,4,37,4479.43,-0.2178333291528822,-0.8265150692696538,0.2844574780058651,78.83783783783784,121.06567567567568,17.56756756756757,3.1072101776861536,1.7552018270507292,0.12,16.95,1.65,324.2859237536657,1
12753.0,29,1,3590.59,0.258819045102521,-0.9659258262890682,1.0,2409.0,3590.59,48.0,1.9158333333333333,1.3335935029857011,0.36,5.95,1.65,219.72916666666663,6
12755.0,32,1,3794.4,0.4999999999999999,-0.8660254037844387,0.0,1488.0,3794.4,1.0,2.55,0.0,2.55,2.55,2.55,1890.0,1
12763.0,35,1,320.08,-0.7071067811865471,-0.7071067811865479,1.0,196.0,320.08,16.0,1.811875,1.4169649195845793,0.42,4.25,1.45,290.75,0
12766.0,33,1,1149.29,-0.2588190451025208,-0.9659258262890684,0.0,424.0,1149.29,53.0,3.626792452830189,4.041513793686387,0.42,28.0,2.55,264.0377358490566,6
12779.0,38,1,248.16,-0.2588190451025208,-0.9659258262890684,0.0,140.0,248.16,8.0,2.37375,2.5209858474130997,0.85,8.5,1.45,737.375,3
12782.0,24,1,463.5,0.258819045102521,-0.9659258262890682,0.0,193.0,463.5,22.0,3.837272727272728,5.619031590702798,0.42,28.0,2.95,573.5909090909091,2
12785.0,31,1,311.95,-0.2588190451025208,-0.9659258262890684,0.0,131.0,311.95,14.0,4.828571428571428,7.792839767912057,1.25,28.0,1.95,700.5714285714286,2
12791.0,40,1,192.6,0.258819045102521,-0.9659258262890682,0.0,97.0,192.6,2.0,8.425,9.2984541726031,1.85,15.0,8.425,856.0,2
12793.0,1,2,545.48,-0.2062394778460761,-0.91457281117941,0.7083333333333334,147.5,272.74,12.0,4.373445378151261,8.180618745857643,0.85,28.0,1.65,412.8333333333333,0
12797.0,32,1,254.03,0.4999999999999999,-0.8660254037844387,0.0,118.0,254.03,13.0,5.143846153846154,7.411224076203088,0.42,28.0,1.65,470.61538461538464,2
12808.0,35,1,129.4,0.4999999999999999,-0.8660254037844387,0.0,53.0,129.4,7.0,5.728571428571429,9.83055852698009,1.65,28.0,1.95,455.1428571428572,2
12826.0,31,1,155.0,-0.7071067811865471,-0.7071067811865479,0.0,80.0,155.0,9.0,2.4722222222222223,1.2920698295542872,0.85,4.65,2.95,737.7777777777778,3
12829.0,3,2,293.0,-0.086098702671352,-0.9205165433324184,0.0,188.0,146.5,5.5,10.275,13.772566893300963,0.19,39.95,6.75,239.0,2
12838.0,40,1,390.79,0.258819045102521,-0.9659258262890682,0.0,228.0,390.79,59.0,1.9733898305084747,1.7589471872347404,0.29,8.5,1.65,623.9661016949152,6
12839.0,23,2,737.45,-0.8120334210929746,-0.5253685098011314,0.0,219.0,368.725,18.0,2.198545454545455,1.4877783481651643,0.85,7.95,1.65,914.5405405405404,4
12841.0,4,3,730.1,0.0633742231617255,-0.9444071043589392,0.3066666666666666,138.0,243.36666666666667,25.0,2.8753614561766736,2.2489041629191537,0.42,9.95,2.55,360.4,1
12855.0,39,1,38.1,0.7071067811865476,-0.7071067811865475,0.0,30.0,38.1,3.0,1.55,1.2124355652982142,0.85,2.95,0.85,440.3333333333333,3
12867.0,26,1,362.79,-0.8660254037844384,-0.5000000000000004,0.0,377.0,362.79,53.0,1.1885185185185183,1.2746681512758566,0.42,7.95,0.85,714.5555555555555,6
12868.0,40,1,203.3,1.2246467991473532e-16,-1.0,0.0,112.0,203.3,12.0,3.170833333333333,2.2013898846507005,0.65,6.75,2.5250000000000004,444.25,2
12872.0,31,1,378.53,-0.4999999999999997,-0.8660254037844388,0.0,203.0,378.53,38.0,2.61,2.215836124294784,0.55,9.95,1.95,690.8684210526316,6
12875.0,29,1,293.76000000000005,1.2246467991473532e-16,-1.0,1.0,1728.0,293.76000000000005,1.0,0.17,0.0,0.17,0.17,0.17,1776.0,3
12877.0,25,1,150.06,1.2246467991473532e-16,-1.0,0.0,170.0,150.06,14.0,1.7992857142857144,2.7390072999192587,0.21,9.95,0.85,317.2142857142857,3
12913.0,34,1,417.62,-0.8660254037844384,-0.5000000000000004,0.0,146.0,417.62,4.0,3.06,1.6441005646452005,1.69,5.45,2.55,1493.25,4
12915.0,39,1,199.65,1.2246467991473532e-16,-1.0,0.0,41.0,199.65,13.0,7.6923076923076925,3.574029364377956,1.95,12.75,8.5,192.23076923076923,5
12921.0,5,3,1169.5,0.0950009383841067,-0.8662598241427903,0.0,241.33333333333331,389.8333333333333,19.666666666666668,2.24125,1.4623199591213771,0.55,9.95,1.95,808.0169491525423,1
12928.0,25,1,392.34,-0.7071067811865471,-0.7071067811865479,0.0,250.0,392.34,17.0,2.1535294117647057,1.3881414786346102,0.42,4.95,1.65,794.8235294117648,3
12931.0,23,2,177.0,-0.1464466094067262,-0.3535533905932738,0.0,110.0,88.5,1.0,1.185,0.0,0.72,1.65,1.185,2403.5,3
12939.0,1,1,1933.2,0.258819045102521,-0.9659258262890682,1.0,552.0,1933.2,6.0,3.533333333333333,0.3510935297989221,3.39,4.25,3.39,699.3333333333334,0
12942.0,32,1,258.75,0.7071067811865476,-0.7071067811865475,0.0,69.0,258.75,16.0,5.471875,3.6198051858260736,0.85,12.75,4.800000000000001,306.0625,2
12944.0,21,1,286.95,0.4999999999999999,-0.8660254037844387,0.0,145.0,286.95,14.0,3.3285714285714287,3.0986792649148422,0.65,9.95,2.25,480.07142857142856,2
12947.0,3,2,605.7,-0.1032946474348694,-0.6004154090601445,0.0,209.5,302.85,16.5,3.9390441176470574,9.48960544201458,0.42,65.0,1.45,298.7575757575757,1
12957.0,6,1,413.68,1.2246467991473532e-16,-1.0,0.0,352.0,413.68,29.0,2.968620689655173,3.000088955988199,0.21,9.95,1.65,281.48275862068965,6
12963.0,32,1,365.8,0.7071067811865476,-0.7071067811865475,0.0,172.0,365.8,16.0,2.840625,2.216921194660138,1.25,7.95,2.025,451.8125,2
12967.0,24,2,1660.9,0.3548893901390494,-0.5037539756520069,0.0,219.0,830.45,9.5,5.476666666666667,4.796273354932775,0.65,29.95,3.75,316.2631578947368,1
12971.0,1,7,646.49,-0.3914539613699205,-0.7278920327297076,0.0714285714285714,139.28571428571428,92.35571428571428,4.0,1.93308843537415,1.1231827496154312,0.25,5.95,1.25,483.1428571428572,1
12980.0,25,1,889.32,0.258819045102521,-0.9659258262890682,0.0,100.0,889.32,3.0,14.33,17.86855338296864,3.39,34.95,4.65,184.33333333333331,2
12989.0,31,1,202.5,-0.2588190451025208,-0.9659258262890684,0.0,30.0,202.5,1.0,6.75,0.0,6.75,6.75,6.75,260.0,5
13000.0,31,1,201.75,0.4999999999999999,-0.8660254037844388,0.0,77.0,201.75,11.0,4.163636363636364,2.753914569216964,0.65,7.95,3.45,970.0,2
13004.0,24,1,357.01,0.8660254037844387,-0.4999999999999998,0.0,255.0,357.01,23.0,3.242608695652174,3.0730444149547504,0.21,9.95,1.45,527.8695652173913,2
13011.0,38,1,50.55,-0.9659258262890684,-0.2588190451025206,0.0,13.0,50.55,3.0,4.216666666666667,1.5534906930308057,2.95,5.95,3.75,310.6666666666667,5
13013.0,38,2,1528.34,1.2246467991473532e-16,-1.0,0.0,401.0,764.1700000000001,33.5,3.003970054446461,2.867942450855826,0.42,12.75,1.95,528.1492537313433,6
13021.0,25,1,157.35000000000002,0.4999999999999999,-0.8660254037844387,0.0,57.0,157.35000000000002,7.0,3.992857142857143,2.2006492548466565,1.25,7.95,3.75,824.0,2
13027.0,21,1,1440.0,1.2246467991473532e-16,-1.0,0.0,3600.0,1440.0,6.0,0.4000000000000001,0.0,0.4,0.4,0.4,1843.6666666666667,3
13029.0,20,1,382.5,-0.2588190451025208,-0.9659258262890684,0.0,30.0,382.5,1.0,12.75,0.0,12.75,12.75,12.75,72.0,5
13030.0,35,1,427.74,-0.4999999999999997,-0.8660254037844388,0.0,204.0,427.74,50.0,3.1286666666666667,3.0203235131842727,0.29,14.95,1.95,292.26666666666665,6
13033.0,24,1,190.55,-0.4999999999999998,-0.8660254037844388,0.0,83.0,190.55,11.0,2.640909090909091,1.3070612422182408,1.95,5.95,1.95,695.3636363636364,3
13034.0,35,1,165.86,-0.4999999999999998,-0.8660254037844388,1.0,116.0,165.86,11.0,1.6827272727272728,0.785825564729106,0.42,2.95,1.65,600.1818181818181,0
13047.0,40,3,366.63,0.8660254037844387,-0.4999999999999998,0.0,33.666666666666664,122.21000000000002,5.666666666666667,5.192777777777778,1.5614643281863887,1.65,9.95,4.95,319.1764705882353,2
13050.0,21,4,1199.87,0.32669029797598,-0.7877176767072169,0.0,187.25,299.9675,17.25,3.743672331871345,4.725766344863782,0.42,39.95,1.65,603.0579710144928,1
13065.0,39,1,205.86,-0.8660254037844384,-0.5000000000000004,0.0,74.0,205.86,14.0,5.222142857142857,3.91340532130154,0.42,12.75,3.6,756.6428571428571,4
13069.0,1,5,985.06,0.2490178770571134,-0.9468912288192096,0.6929824561403509,199.4,197.012,22.4,1.7291727243743025,1.1490972989020758,0.19,9.95,1.25,442.6754385964912,1
13077.0,32,1,313.72,-0.4999999999999997,-0.8660254037844387,0.0,303.0,313.72,14.0,2.3942857142857146,1.8776282678123253,0.12,5.45,2.95,452.8571428571428,3
13078.0,26,2,881.16,0.7071067811865476,-0.7071067811865475,0.0,143.0,440.58,14.5,4.238,2.5306316374318847,0.42,8.5,3.75,285.62068965517244,2
13081.0,3,3,5894.42,-0.8961994089491021,-0.4271535075003534,0.0,1332.0,1964.8066666666664,81.66666666666667,1.9635768645357687,1.969137178211856,0.0,10.95,1.65,412.3469387755102,6
13082.0,4,1,379.44,-0.7071067811865471,-0.7071067811865479,0.0,1032.0,379.44,7.0,1.1285714285714286,1.005525212205518,0.16,2.55,0.85,508.8571428571428,3
13089.0,4,11,7738.67,-0.0487024932568967,-0.8821983163036701,0.0125786163522012,378.9090909090909,703.5154545454545,14.454545454545457,2.9470490881667355,2.36619961817959,0.19,12.75,1.49,662.3144654088051,1
13090.0,31,3,1008.4,0.3747097376714794,-0.5669095225512604,0.0,65.66666666666667,336.1333333333333,2.6666666666666665,7.599999999999999,1.9283395784135595,0.85,15.0,4.25,377.875,2
13092.0,26,1,185.45,1.2246467991473532e-16,-1.0,0.0,31.0,185.45,7.0,6.807142857142857,3.0783421635988537,2.95,9.95,8.95,94.57142857142856,5
13093.0,3,4,5169.97,-0.1476376795883997,-0.7071067811865478,0.0,682.5,1292.4925,22.75,3.50101076007326,3.3246086957720813,0.21,14.95,1.65,611.967032967033,1
13094.0,3,3,376.3200000000001,0.2267949192431123,-0.792820323027551,0.0,112.0,125.44,1.6666666666666667,1.106666666666667,0.2424871130596427,1.06,1.48,1.06,1236.6,3
13097.0,4,2,1076.19,0.407946219915316,-0.7071067811865475,0.0,217.0,538.095,26.0,4.721518847006652,3.4616902944877186,0.42,16.95,3.75,247.09615384615384,1
13102.0,1,3,975.2,-0.1526368727527686,-0.9799049744781686,0.4102564102564102,206.66666666666663,325.06666666666666,13.0,2.460473484848485,1.952413758262297,0.29,8.5,1.95,630.8461538461538,1
13104.0,21,1,101.76,0.258819045102521,-0.9659258262890682,0.0,96.0,101.76,1.0,1.06,0.0,1.06,1.06,1.06,620.0,3
13108.0,39,1,350.06,0.4999999999999999,-0.8660254037844387,0.0,298.0,350.06,10.0,1.752,2.403038816905702,0.42,8.5,1.05,899.7,3
13113.0,33,1,372.97,-0.2588190451025208,-0.9659258262890684,0.0,105.0,372.97,10.0,3.204,3.21120330509712,0.85,10.95,1.7999999999999998,573.9,2
13117.0,31,2,388.15,-0.3608571414053003,-0.9236602629217252,0.0,107.5,194.075,13.0,4.660878787878788,5.44816461028738,0.21,35.95,1.67,361.0384615384616,2
13124.0,25,1,1256.32,-0.7071067811865471,-0.7071067811865479,0.0,930.0,1256.32,61.0,2.422459016393443,2.748524850253135,0.29,16.95,1.65,396.1311475409836,6
13126.0,5,3,547.31,0.5191151499255042,-0.8156438001005077,0.0,128.33333333333334,182.43666666666664,10.333333333333334,1.959814814814815,1.8977334055416049,0.21,9.95,1.49,377.8709677419355,1
13138.0,38,1,193.23,-0.7071067811865471,-0.7071067811865479,0.0,125.0,193.23,14.0,2.7657142857142856,2.226206550254402,0.42,7.95,1.775,293.42857142857144,4
13140.0,32,1,159.51,-0.7071067811865471,-0.7071067811865479,0.0,75.0,159.51,15.0,2.156875,1.7536275497759872,0.65,7.95,1.69,629.1875,3
13145.0,38,1,295.0,-1.0,-1.8369701987210294e-16,0.0,1.0,295.0,1.0,295.0,0.0,295.0,295.0,295.0,12.0,5
13148.0,31,1,309.40000000000003,-0.2588190451025208,-0.9659258262890684,0.0,178.0,309.40000000000003,18.0,3.0,2.641452363423443,0.42,9.95,1.69,795.6666666666666,2
13155.0,35,1,379.7,1.2246467991473532e-16,-1.0,0.0,168.0,379.7,51.0,2.9140384615384614,2.446901409598602,0.42,12.75,2.25,355.8269230769231,6
13162.0,1,1,753.26,0.5,-0.8660254037844387,1.0,942.0,753.26,37.0,1.135945945945946,1.600290701819619,0.19,9.95,0.85,325.8918918918919,0
13165.0,18,1,354.64,-0.4999999999999997,-0.8660254037844388,0.0,496.0,354.64,13.0,0.8115384615384615,0.5094906959216913,0.19,1.95,0.85,340.38461538461536,3
13173.0,34,1,165.94,-0.4999999999999996,-0.8660254037844389,0.0,114.0,165.94,23.0,2.6495652173913045,2.10353053494891,0.21,5.95,1.95,551.8260869565217,3
13174.0,35,1,1415.97,-0.8660254037844384,-0.5000000000000004,1.0,700.0,1415.97,122.0,3.0754437869822486,4.680318843252013,0.42,49.95,1.95,375.4674556213018,6
13178.0,27,1,710.0,1.2246467991473532e-16,-1.0,0.0,388.0,710.0,32.0,1.925,0.9621883659725384,0.85,5.95,1.95,718.5,6
13183.0,1,1,625.04,0.5,-0.8660254037844387,1.0,400.0,625.04,20.0,1.4289999999999998,0.3399984520088599,1.25,2.55,1.25,270.85,0
13187.0,3,1,236.02,-1.0,-1.8369701987210294e-16,0.0,95.0,236.02,37.0,3.765405405405405,3.15999085318173,0.85,12.75,2.55,336.94594594594594,4
13198.0,28,1,384.55,0.7071067811865476,-0.7071067811865475,0.0,270.0,384.55,24.0,3.0083333333333333,2.7298808170618583,0.29,10.95,2.325,481.5,2
13199.0,5,3,911.24,-0.1552029300157723,-0.8813946995543819,0.0,294.6666666666667,303.74666666666667,4.333333333333333,1.8848809523809524,1.2886372657153748,0.29,4.95,1.25,822.4615384615385,1
13209.0,28,1,318.85,0.4999999999999999,-0.8660254037844387,0.0,117.0,318.85,13.0,4.653846153846154,4.050126620369497,0.95,12.75,2.95,1010.9230769230768,2
13211.0,27,1,110.7,-0.8660254037844384,-0.5000000000000004,0.0,46.0,110.7,2.0,2.0,0.7778174593052021,1.45,2.55,2.0,1141.5,3
13221.0,26,1,498.16,-0.2588190451025208,-0.9659258262890682,0.0,153.0,498.16,35.0,5.008,3.2510819918370344,0.42,12.75,4.25,185.45714285714288,6
13225.0,4,2,2470.44,-0.3416480087941098,-0.5690355937288495,0.0,654.0,1235.22,6.0,2.54375,1.424585526999595,1.25,6.75,1.69,540.25,1
13230.0,31,1,93.45,-0.9659258262890684,0.2588190451025203,0.0,33.0,93.45,13.0,3.015384615384616,2.213536444186901,0.85,7.95,2.1,655.8461538461538,4
13233.0,2,1,304.24,-0.4999999999999996,-0.8660254037844388,0.0,404.0,304.24,17.0,0.9541176470588236,0.5681775561337473,0.19,1.95,1.25,371.1764705882353,3
13238.0,26,1,91.15,-0.4999999999999997,-0.8660254037844389,0.0,33.0,91.15,5.0,5.709999999999999,5.242899960899502,1.95,12.75,1.95,1137.6,2
13240.0,32,1,224.07,1.2246467991473532e-16,-1.0,0.0,131.0,224.07,21.0,2.7752380952380955,1.90653250443736,0.29,8.5,2.55,151.0952380952381,2
13253.0,5,1,476.48,-0.7071067811865471,-0.7071067811865479,0.0,624.0,476.48,16.0,1.85125,2.3684731368542056,0.21,9.95,1.25,289.1875,6
13255.0,40,1,225.7,0.258819045102521,-0.9659258262890682,0.0,110.0,225.7,6.0,4.55,4.228947859692762,1.25,9.95,2.45,588.3333333333334,2
13267.0,27,2,622.3000000000001,0.527791686752937,-0.8106343992275558,0.0,127.0,311.15,12.5,4.163333333333333,3.5590365493780878,0.65,12.75,2.55,751.76,2
13269.0,27,2,662.1700000000001,-0.1747918378132051,-0.9088398705721372,0.4285714285714285,213.5,331.08500000000004,14.0,2.7991666666666664,2.240746534765225,0.21,8.5,1.95,671.75,1
13270.0,32,1,590.0,-0.4999999999999997,-0.8660254037844388,0.0,200.0,590.0,1.0,2.95,0.0,2.95,2.95,2.95,440.0,3
13280.0,3,1,307.35,-0.9659258262890684,-0.2588190451025206,0.0,109.0,307.35,32.0,3.5432432432432432,2.522982201520492,0.55,10.95,2.95,461.9189189189189,4
13295.0,26,1,201.2,0.258819045102521,-0.965925826289068,0.0,82.0,201.2,10.0,3.49,2.548071165934474,1.65,8.5,2.5250000000000004,582.4,2
13304.0,18,1,300.42,-0.4999999999999997,-0.8660254037844388,0.0,238.0,300.42,21.0,3.161904761904762,3.4584253917753074,0.29,14.95,1.95,609.3809523809524,6
13305.0,39,1,136.2,1.2246467991473532e-16,-1.0,0.0,132.0,136.2,5.0,1.09,0.3577708763999663,0.85,1.65,0.85,292.4,3
13313.0,6,1,307.3,0.5,-0.8660254037844387,0.0,171.0,307.3,17.0,2.237647058823529,0.9829072273857072,0.42,4.25,2.55,838.8235294117648,3
13317.0,25,2,238.05,0.7071067811865476,-0.7071067811865474,0.0,46.5,119.025,7.0,3.958333333333333,3.788758568517189,0.55,19.95,2.95,442.2142857142857,2
13319.0,6,5,2061.9700000000003,0.1581280083278215,-0.9315514873627442,0.0,182.0,412.39400000000006,18.6,3.498324074074074,1.9158960322926255,0.42,12.75,2.95,820.6451612903226,1
13324.0,27,1,650.1,0.7071067811865476,-0.7071067811865475,0.0,210.0,650.1,5.0,4.39,3.864324002979046,1.25,10.95,2.55,807.0,2
13327.0,31,2,745.0,-0.7071067811865471,-0.7071067811865479,0.0,138.0,372.5,10.5,2.4027777777777777,1.061169349578539,0.85,7.95,2.1,1201.4761904761904,3
13329.0,33,1,304.2,0.4999999999999999,-0.8660254037844387,0.0,175.0,304.2,7.0,2.617142857142857,3.779888509315736,0.42,10.95,1.25,990.7142857142856,2
13368.0,4,1,35.400000000000006,1.2246467991473532e-16,-1.0,0.0,12.0,35.400000000000006,1.0,2.95,0.0,2.95,2.95,2.95,1206.0,3
13369.0,32,1,308.28000000000003,0.258819045102521,-0.9659258262890684,0.0,149.0,308.28000000000003,14.0,6.5442857142857145,12.751346664499469,0.42,50.0,3.35,500.9285714285714,2
13370.0,38,1,754.87,0.5,-0.8660254037844387,0.0,343.0,754.87,39.0,3.7279487179487183,3.060218584803156,0.29,12.75,2.95,603.9230769230769,6
13397.0,6,1,299.92,-0.2588190451025208,-0.9659258262890684,0.0,88.0,299.92,8.0,3.535,0.7791387186227772,2.55,4.95,3.5700000000000003,617.125,3
13402.0,38,1,308.28000000000003,-0.9659258262890684,-0.2588190451025206,0.0,190.0,308.28000000000003,17.0,2.7317647058823527,2.6397164509046176,0.42,8.5,1.95,500.3529411764706,4
13408.0,3,6,3335.4,0.1045658226695076,-0.7574139453642877,0.0,337.3333333333333,555.9,7.333333333333333,2.1448821548821546,1.783164189244632,0.42,10.95,1.65,847.75,1
13418.0,26,5,1579.62,0.2944890426576559,-0.8662135779496462,0.0,122.8,315.924,9.8,4.598030303030303,12.12711645827315,0.19,125.0,2.95,567.6326530612245,1
13426.0,3,2,639.4300000000001,0.186026188667437,-0.9755091876452676,0.0,241.5,319.71500000000003,16.0,1.5566666666666666,1.0611275565123623,0.42,4.95,0.85,320.15625,3
13448.0,31,3,829.5400000000001,0.0294117647058824,-0.8660254037844387,0.0,110.66666666666669,276.5133333333333,11.333333333333334,2.5547426470588235,1.6698566762672495,0.29,8.5,2.325,632.0294117647059,1
13455.0,33,1,692.94,-0.2588190451025208,-0.9659258262890684,0.0,190.0,692.94,30.0,4.935666666666666,3.387966212563411,1.49,12.75,3.75,263.1333333333333,6
13458.0,4,2,2675.04,0.1652699926558267,-0.9782417926906096,0.0,725.0,1337.52,41.5,2.3980094339622644,1.7677915330663725,0.19,9.95,1.69,708.7469879518072,1
13468.0,25,4,911.0,-0.2424158565701572,-0.868258262099438,0.0,78.5,227.75,13.25,4.921431704260652,3.9284859479354015,0.85,12.75,3.75,490.2264150943397,1
13487.0,19,1,193.15,-0.4999999999999998,-0.8660254037844388,0.0,85.0,193.15,11.0,3.513636363636364,2.9159124565983547,1.25,9.95,1.95,988.7272727272727,2
13488.0,34,1,1381.92,-0.2588190451025208,-0.9659258262890684,0.0,516.0,1381.92,45.0,3.4286666666666665,2.6004777533089083,0.55,9.95,2.55,527.0222222222222,6
13491.0,26,2,196.4,-0.0833333333333332,-0.8660254037844388,0.0,27.0,98.2,6.0,5.533571428571428,2.6563434075383103,1.25,9.95,4.95,265.9166666666667,5
13495.0,26,2,865.4300000000001,-0.3558610261723405,-0.8012227975874644,0.0,188.5,432.715,11.0,2.341875,1.4422623564896813,0.42,4.95,2.1,850.9545454545455,3
13496.0,26,1,501.01,0.4999999999999999,-0.8660254037844387,0.0,229.0,501.01,26.0,3.717692307692308,3.5667792841075068,0.42,12.75,2.3200000000000003,496.8076923076923,2
13497.0,35,1,153.5,0.258819045102521,-0.9659258262890682,0.0,54.0,153.5,9.0,3.9166666666666665,2.2961925006410078,0.85,6.95,3.75,285.0,2
13506.0,36,1,301.12,1.2246467991473532e-16,-1.0,1.0,232.0,301.12,17.0,2.834705882352941,2.707392928739424,0.29,9.95,1.45,935.7058823529412,0
13520.0,38,1,303.4,0.4999999999999999,-0.8660254037844387,0.0,110.0,303.4,6.0,9.241666666666667,15.2739129454985,1.25,40.0,2.3,609.8333333333334,2
13523.0,33,1,566.95,-0.4999999999999997,-0.8660254037844388,0.0,365.0,566.95,30.0,3.380333333333333,2.905269271552963,0.42,10.95,2.95,468.56666666666666,6
13531.0,32,1,305.45,-0.7071067811865471,-0.7071067811865479,0.0,103.0,305.45,15.0,4.84,3.929340184523896,1.25,12.75,2.1,726.6666666666666,4
13534.0,3,3,471.2,-0.3535533905932735,-0.8535533905932741,0.0,72.0,157.06666666666666,7.333333333333333,3.540909090909091,0.9431732383691545,1.25,7.95,1.95,688.7272727272727,1
13564.0,20,2,1198.38,-0.9159756150367534,-0.3794095225512605,0.0,330.0,599.19,39.0,3.658658536585366,3.139230470381529,0.36,12.75,2.95,637.170731707317,4
13565.0,1,1,110.18,-0.4999999999999997,-0.8660254037844388,1.0,78.0,110.18,13.0,1.576153846153846,0.9587625571671232,0.65,4.25,1.25,207.07692307692307,0
13569.0,34,1,118.32,1.2246467991473532e-16,-1.0,0.0,44.0,118.32,23.0,3.3716666666666666,2.1611302732530997,0.42,8.5,2.95,388.5833333333333,2
13576.0,3,2,972.83,-0.6898216329325833,-0.6186450354325461,0.0,198.0,486.415,13.5,2.740681818181818,1.6303875386263758,0.55,5.95,2.1,349.1111111111111,1
13579.0,35,1,164.70000000000002,-0.8660254037844384,-0.5000000000000004,1.0,46.0,164.70000000000002,9.0,4.583333333333333,2.549877448035493,1.65,8.95,4.65,554.6666666666666,0
13593.0,2,1,559.85,-0.8660254037844383,-0.5000000000000004,0.0,199.0,559.85,39.0,4.607692307692308,2.9548251898943207,0.65,12.75,4.65,574.1794871794872,4
13599.0,3,3,721.98,0.0821553449738875,-0.8110151113467072,0.0,169.0,240.66,8.666666666666666,1.6087464387464383,0.994849661597199,0.42,5.45,1.25,420.6923076923077,1
13611.0,26,1,303.15000000000003,0.4999999999999999,-0.8660254037844387,0.0,183.0,303.15000000000003,15.0,2.24,1.129506845612595,0.85,4.95,2.55,620.5333333333333,3
13627.0,24,1,311.19,0.7071067811865476,-0.7071067811865475,0.0,197.0,311.19,20.0,2.7105,2.092961827297936,0.29,7.95,2.3,410.35,2
13629.0,5,1,660.0,1.2246467991473532e-16,-1.0,0.0,400.0,660.0,3.0,1.6499999999999997,0.0,1.65,1.65,1.65,1953.0,3
13649.0,32,1,197.8,-0.4999999999999997,-0.8660254037844388,0.0,67.0,197.8,15.0,3.52,3.047352480901601,0.85,12.75,2.95,568.0,2
13652.0,35,1,308.8,0.7071067811865476,-0.7071067811865475,0.0,112.0,308.8,18.0,3.9027777777777777,2.220987606384245,1.25,7.95,3.6,637.1666666666666,2
13656.0,3,1,162.70000000000002,-0.7071067811865471,-0.707106781186548,0.0,113.0,162.70000000000002,31.0,1.6909677419354838,0.9424413503898964,0.42,4.25,1.25,316.5806451612903,3
13668.0,1,2,386.22,0.1634646600647501,-0.978479469235201,1.0,66.5,193.11,18.5,3.237529761904762,1.8123179744868303,1.25,7.95,2.325,676.1842105263158,0
13680.0,4,2,2391.59,-0.3499999999999998,-0.9062177826491072,0.0,597.5,1195.795,35.0,2.371904761904762,1.751737717611907,0.42,7.95,1.9,596.1714285714286,1
13694.0,5,3,4076.64,-0.3932903340806193,-0.5256716824803321,0.0,1860.0,1358.88,23.0,1.3739770531400968,1.443360760079475,0.19,7.95,0.85,422.27536231884056,1
13705.0,40,1,318.14,0.4999999999999999,-0.8660254037844387,0.0,103.0,318.14,10.0,18.399,51.534846991569154,0.65,165.0,1.47,457.5,2
13715.0,5,4,941.85,0.13392145419347,-0.922680412371134,0.3092783505154639,117.0,235.46250000000003,23.75,3.345450928381963,1.5996725608835638,0.42,7.95,1.65,426.35051546391753,1
13747.0,40,1,79.6,0.4999999999999999,-0.8660254037844387,0.0,8.0,79.6,1.0,9.95,0.0,9.95,9.95,9.95,44.0,5
13748.0,40,1,204.0,0.7071067811865476,-0.7071067811865475,0.0,80.0,204.0,1.0,2.55,0.0,2.55,2.55,2.55,1697.0,3
13750.0,3,1,325.44,0.258819045102521,-0.9659258262890682,0.0,96.0,325.44,1.0,3.39,0.0,3.39,3.39,3.39,2015.0,3
13756.0,25,3,1004.4,-0.1444243146588215,-0.7394591618243628,0.0,148.0,334.8,5.333333333333333,2.852962962962963,0.8538851900760015,1.25,4.95,2.95,714.5,1
13758.0,1,3,1141.25,-0.0794053352237314,-0.9285781789365892,0.2727272727272727,184.33333333333331,380.4166666666667,11.0,2.800513538748833,1.6047618866143818,0.55,9.95,2.55,726.9090909090909,1
13764.0,3,1,499.89,-0.4999999999999996,-0.8660254037844388,0.0,282.0,499.89,69.0,3.570144927536232,3.100488810016908,0.42,12.75,2.1,427.072463768116,6
13767.0,5,7,2609.76,-0.1845101715741217,-0.8208722480530831,0.2096774193548387,154.85714285714286,372.8228571428572,8.857142857142858,3.5213932496075357,1.944011504630225,0.55,12.75,3.75,896.9677419354839,1
13769.0,34,1,322.3,-0.2588190451025208,-0.9659258262890684,0.0,122.0,322.3,10.0,2.83,1.095242236017017,0.85,4.95,2.95,1351.6,3
13777.0,18,10,6961.78,-0.7892908391384095,-0.5503740411150818,0.0,361.8,696.1780000000001,3.8,1.7893333333333334,0.830041940673123,1.05,4.65,1.65,988.5263157894736,1
13786.0,34,1,230.4,-0.2588190451025208,-0.9659258262890684,0.0,136.0,230.4,7.0,1.8928571428571428,1.4592888026445656,0.85,4.95,1.25,1278.428571428571,3
13787.0,30,1,106.4,-0.4999999999999997,-0.8660254037844387,0.0,56.0,106.4,7.0,2.4785714285714286,1.380476108346061,0.65,3.75,2.95,582.8571428571429,3
13798.0,3,5,6268.66,-0.3650863549595965,-0.734120405910449,0.0,780.8,1253.732,10.2,2.5089473684210524,1.312350655311584,0.42,8.5,1.65,749.9444444444445,1
13807.0,33,1,112.6,-0.7071067811865471,-0.7071067811865479,0.0,36.0,112.6,7.0,5.15,2.7730849247724096,1.65,7.95,6.35,467.1428571428572,5
13817.0,18,1,128.7,0.258819045102521,-0.9659258262890682,0.0,63.0,128.7,9.0,3.688888888888889,5.394718353270272,0.85,18.0,1.95,192.11111111111111,2
13831.0,36,1,408.0,1.2246467991473532e-16,-1.0,1.0,160.0,408.0,2.0,2.55,0.0,2.55,2.55,2.55,2721.5,0
13838.0,36,1,238.11,0.4999999999999999,-0.8660254037844387,1.0,83.0,238.11,48.0,3.770769230769231,2.4119098657709657,0.29,12.75,2.95,284.5576923076923,0
13842.0,3,2,613.57,0.5,-0.8660254037844388,0.0,125.5,306.785,19.0,5.307666666666666,4.592877500888172,0.65,21.95,3.35,508.42105263157896,1
13846.0,26,1,411.4,-0.8660254037844384,-0.5000000000000004,0.0,234.0,411.4,28.0,2.519642857142857,2.364957884117768,0.65,9.95,1.7999999999999998,291.5,4
13848.0,32,1,320.0,-0.7071067811865471,-0.7071067811865479,0.0,1000.0,320.0,1.0,0.32,0.0,0.32,0.32,0.32,1029.0,3
13854.0,24,2,609.4399999999999,0.6506231135902164,-0.750448223713245,0.0,140.0,304.72,5.5,4.420625,3.723129410611117,0.21,10.95,2.55,616.7272727272727,2
13869.0,23,1,323.62,-0.7071067811865471,-0.7071067811865479,0.0,156.0,323.62,21.0,4.172857142857143,3.165962954390248,0.42,9.95,2.95,657.047619047619,4
13874.0,24,1,540.45,-1.0,-1.8369701987210294e-16,0.0,180.0,540.45,18.0,5.505555555555556,8.204301040037203,0.65,35.75,2.95,481.3333333333333,4
13880.0,34,1,97.8,-0.4999999999999997,-0.8660254037844388,0.0,54.0,97.8,6.0,2.158333333333333,1.298621063538809,0.85,3.75,1.675,676.3333333333334,3
13890.0,25,1,190.35,0.7071067811865476,-0.7071067811865475,0.0,93.0,190.35,11.0,2.577272727272728,1.2789377694719233,1.25,4.95,2.1,593.1818181818181,3
13922.0,18,1,172.25,0.4999999999999999,-0.8660254037844387,0.0,93.0,172.25,7.0,4.988571428571428,4.900518437102441,0.42,12.75,2.95,1442.7142857142858,2
13941.0,39,1,1095.12,0.4999999999999999,-0.8660254037844388,0.0,644.0,1095.12,11.0,2.1336363636363638,1.6629027195075048,0.42,5.95,1.25,417.8181818181818,6
13948.0,27,1,102.0,0.4999999999999999,-0.8660254037844387,0.0,40.0,102.0,3.0,3.95,3.4641016151377544,1.95,7.95,1.95,171.0,2
13953.0,19,1,500.0,0.4999999999999999,-0.8660254037844387,0.0,400.0,500.0,1.0,1.25,0.0,1.25,1.25,1.25,411.0,3
13959.0,29,1,214.74,-0.2588190451025208,-0.9659258262890684,1.0,118.0,214.74,16.0,2.4575,2.201628185381597,0.42,8.5,1.675,194.0,0
13963.0,6,2,366.71,0.4157197527319303,-0.8753391605031859,0.0,159.5,183.355,10.0,2.523736263736264,1.854403347638124,0.21,7.95,1.45,428.45,3
13969.0,31,1,317.59000000000003,-0.9659258262890684,0.2588190451025203,0.0,133.0,317.59000000000003,25.0,2.8216,1.4121929754817506,0.85,5.95,2.95,882.36,4
13982.0,32,1,428.6,-0.2588190451025208,-0.9659258262890684,0.0,208.0,428.6,23.0,2.534782608695652,1.6595066889268286,0.85,7.95,2.55,621.5217391304348,6
13983.0,33,1,329.36,0.4999999999999999,-0.8660254037844387,0.0,220.0,329.36,15.0,2.64,2.735569932782355,0.29,8.5,1.65,334.06666666666666,2
13984.0,32,1,154.8,-0.7071067811865471,-0.7071067811865479,0.0,120.0,154.8,5.0,1.31,0.7402702209328699,0.65,2.55,1.25,1135.2,3
13999.0,28,1,302.1,0.258819045102521,-0.9659258262890684,0.0,265.0,302.1,17.0,1.3188235294117647,0.7385956467592838,0.42,2.95,1.25,681.7058823529412,3
14001.0,40,1,301.24,1.2246467991473532e-16,-1.0,0.0,94.0,301.24,9.0,4.415555555555556,3.1285863864975467,1.69,8.5,2.95,708.4444444444445,2
14016.0,24,1,753.74,-0.4999999999999997,-0.8660254037844388,0.0,374.0,753.74,39.0,5.516410256410256,12.665632215022187,0.65,65.0,1.45,397.8205128205128,6
14030.0,32,2,676.5,-0.8660254037844384,-0.5000000000000004,0.0,48.5,338.25,13.5,10.817307692307692,41.2978298926972,1.25,165.0,3.45,278.85185185185185,4
14031.0,3,4,3538.19,-0.8816148468317601,-0.398161314146065,0.0,348.25,884.5475,11.0,3.6522666666666663,2.395765152795123,1.06,10.95,3.39,646.5227272727273,1
14032.0,22,2,619.42,0.3752512302254419,-0.9176980361144196,0.5172413793103449,194.5,309.71000000000004,14.5,2.478928571428572,1.994067346775989,0.29,8.5,1.95,817.2068965517242,0
14037.0,31,1,111.8,0.258819045102521,-0.9659258262890682,0.0,34.0,111.8,26.0,3.5,1.4816882263148348,1.25,7.95,3.75,301.1923076923077,2
14045.0,4,3,1251.75,0.6713790512911675,-0.6663902460147012,0.0,162.33333333333334,417.25,1.6666666666666667,2.811111111111112,3.722342452452936,1.65,8.5,2.55,409.0,1
14047.0,3,2,296.22,0.5159312908605036,-0.8538008943538317,0.0,55.0,148.11,6.5,5.157916666666667,3.508419634726344,0.29,9.95,4.65,679.7692307692307,2
14051.0,20,3,1828.16,-0.4071220861377089,-0.8313645103801337,0.0,197.33333333333331,609.3866666666668,10.666666666666666,3.75014652014652,2.332929150755359,0.29,12.75,2.95,790.5757575757576,1
14057.0,27,2,925.92,-0.0269603171981791,-0.9964506069051112,0.0,485.5,462.96,24.0,1.3282558139534884,1.2342325665958929,0.29,9.95,1.25,711.3125,6
14060.0,26,3,874.04,0.0647047612756303,-0.991481456572267,0.0,289.3333333333333,291.34666666666664,5.333333333333333,1.262916666666667,0.6442978688330859,0.42,2.55,0.85,846.25,3
14062.0,20,3,1444.12,-0.6467164803578574,-0.7504043090683288,0.0,280.6666666666667,481.3733333333334,9.333333333333334,3.7826984126984127,1.792259067947762,0.1,8.5,3.75,614.5,1
14078.0,40,1,136.24,1.2246467991473532e-16,-1.0,0.0,29.0,136.24,13.0,3.49,3.666431053036,0.42,12.75,2.1,349.7692307692308,2
14081.0,35,1,423.52,-0.7071067811865471,-0.7071067811865479,1.0,252.0,423.52,67.0,3.036521739130435,2.786588588055166,0.29,12.75,2.1,586.4492753623189,0
14082.0,31,1,182.25,0.258819045102521,-0.9659258262890682,0.0,110.0,182.25,28.0,2.587586206896552,1.8908646079286693,0.42,7.95,1.95,468.7586206896552,2
14083.0,20,3,459.89,-0.2158536489937879,-0.9105904910990514,0.0,81.33333333333333,153.29666666666668,30.33333333333333,3.120363104731526,2.158753747372485,0.12,16.95,2.1,261.33684210526314,2
14085.0,18,3,1190.24,-0.0274043694814432,-0.970736297871788,0.0,167.0,396.7466666666666,27.33333333333333,3.090119410569105,2.394421257060439,0.65,16.95,2.1,436.4705882352941,1
14092.0,19,2,601.73,-0.0474501193305981,-0.8838612510126593,0.0,122.5,300.865,20.5,2.9625274725274724,2.163015883557325,0.42,14.95,2.1,581.3414634146342,2
14099.0,21,1,383.52,0.258819045102521,-0.965925826289068,0.0,411.0,383.52,40.0,1.9695,1.9301613457203053,0.29,8.5,1.895,405.175,6
14107.0,31,1,363.24,-0.2588190451025208,-0.9659258262890684,0.0,268.0,363.24,16.0,2.363125,2.25722165135224,0.29,7.95,1.65,605.25,3
14113.0,21,1,433.5,1.2246467991473532e-16,-1.0,0.0,102.0,433.5,2.0,4.25,0.0,4.25,4.25,4.25,508.0,5
14135.0,4,5,1133.05,0.3214110472164034,-0.9195223583255364,0.0,179.4,226.61,10.0,3.4684285714285714,1.2091590246976112,0.42,6.75,2.95,550.58,1
14142.0,39,1,311.81,-0.8660254037844385,-0.5000000000000004,0.0,313.0,311.81,22.0,1.7704545454545455,1.8705295335628187,0.21,8.5,1.25,561.4090909090909,4
14146.0,23,1,1241.43,-0.7071067811865471,-0.7071067811865479,0.0,551.0,1241.43,35.0,2.859142857142857,2.9297132678698734,0.42,12.75,1.65,536.5428571428571,6
14150.0,26,1,306.18,0.4999999999999999,-0.8660254037844387,0.0,262.0,306.18,12.0,1.399166666666667,1.4621245956939968,0.19,4.25,1.05,862.3333333333334,3
14156.0,38,1,322.2,0.258819045102521,-0.9659258262890682,0.0,1548.0,322.2,3.0,0.62,0.3983716857408417,0.16,0.85,0.85,661.0,3
14159.0,29,1,193.22,0.258819045102521,-0.9659258262890682,1.0,114.0,193.22,50.0,1.85156862745098,1.1063297384577884,0.38,5.95,1.65,739.1764705882352,0
14161.0,36,1,283.15,-0.2588190451025208,-0.9659258262890684,1.0,128.0,283.15,26.0,2.8442307692307693,2.9873508974700957,0.65,14.95,2.1,434.2692307692308,0
14176.0,34,1,159.55,0.258819045102521,-0.9659258262890682,0.0,61.0,159.55,9.0,3.75,2.8057975693196395,1.25,9.95,2.95,786.1111111111111,2
14180.0,6,5,1180.85,-0.2220673769866625,-0.6668603522491682,0.0,36.6,236.17,12.4,8.05749120160885,4.409719609773051,2.1,16.95,7.0,117.88709677419357,5
14189.0,5,2,676.04,0.4299797227716996,-0.8950287522535246,0.0,382.0,338.02,15.5,1.5713131313131312,1.5051560364377894,0.19,8.5,1.06,378.6774193548387,1
14201.0,26,1,67.24000000000001,-0.2588190451025208,-0.9659258262890684,0.0,132.0,67.24000000000001,4.0,1.085,0.6257528798708534,0.19,1.65,1.25,211.5,3
14210.0,6,2,668.61,-0.1538924051960934,-0.9797396804962027,0.0,165.5,334.30500000000006,18.5,3.927954545454545,3.3428155299167357,0.42,12.75,2.95,242.4324324324324,1
14215.0,34,1,166.0,-0.7071067811865471,-0.7071067811865479,0.0,104.0,166.0,6.0,2.1166666666666667,1.4665151436881472,0.85,4.25,1.9,266.0,3
14217.0,3,2,220.8,-0.1647030287016041,-0.9783164349112252,0.0,24.0,110.4,5.5,7.673214285714286,5.283713437227074,1.25,18.95,7.95,254.72727272727272,5
14220.0,24,1,312.98,-1.0,-1.8369701987210294e-16,0.0,134.0,312.98,11.0,3.5990909090909096,1.742787735471274,1.25,5.95,3.75,268.45454545454544,4
14221.0,5,1,312.95,-0.7071067811865471,-0.7071067811865479,0.0,169.0,312.95,18.0,3.55,4.644921325237604,0.85,16.95,1.45,434.1666666666667,4
14236.0,38,1,189.3,-1.0,-1.83697019872103e-16,0.0,38.0,189.3,3.0,5.55,2.1633307652783937,3.75,7.95,4.95,133.66666666666666,5
14237.0,40,1,161.0,-0.2588190451025208,-0.9659258262890684,0.0,38.0,161.0,9.0,7.122222222222222,5.306547318590916,0.85,16.95,4.95,95.66666666666669,5
14243.0,24,2,472.0,0.2147996702183042,-0.7697465310094604,0.0,85.0,236.0,9.5,4.129261363636363,2.657300559229576,0.85,10.95,2.95,765.6315789473684,2
14256.0,31,1,523.86,0.258819045102521,-0.9659258262890682,0.0,302.0,523.86,32.0,3.0765625,2.7148749265731347,0.55,9.95,1.895,478.3125,6
14258.0,4,1,3120.2200000000003,1.2246467991473532e-16,-1.0,0.0,1798.0,3120.2200000000003,31.0,3.376774193548387,2.963237404255436,0.36,10.95,2.1,811.3225806451613,6
14282.0,34,1,571.0,1.2246467991473532e-16,-1.0,0.0,300.0,571.0,13.0,2.126923076923077,0.6233696684871214,1.25,2.95,1.95,430.38461538461536,3
14290.0,28,1,777.5600000000001,0.4999999999999999,-0.8660254037844387,0.0,220.0,777.5600000000001,23.0,5.006086956521739,7.768610346733038,0.85,39.95,2.95,778.0869565217391,2
14293.0,35,1,364.92,0.4999999999999999,-0.8660254037844387,0.0,172.0,364.92,15.0,2.4386666666666668,1.4513779987439852,0.18,4.95,2.1,871.8,3
14298.0,3,6,6119.36,-0.1418906440155951,-0.9813197423310628,0.0,1007.6666666666666,1019.8933333333332,32.833333333333336,1.6646428449480883,1.7266462188737244,0.19,10.95,1.06,441.2335025380711,1
14299.0,4,2,1051.14,0.012187756719808,-0.9302471039659864,0.0,111.0,525.5699999999999,7.0,4.051222222222222,3.728081986881625,0.85,10.95,2.325,955.9285714285714,1
14307.0,40,1,783.11,0.258819045102521,-0.9659258262890682,0.0,558.0,783.11,48.0,2.403125,2.002653724808501,0.21,7.95,1.65,636.625,6
14309.0,25,1,147.75,-0.2588190451025208,-0.9659258262890684,0.0,103.0,147.75,6.0,4.458333333333333,4.008542960561439,0.85,9.95,3.1,721.3333333333334,2
14312.0,3,1,309.55,-0.8660254037844385,-0.5000000000000004,0.0,71.0,309.55,15.0,7.663333333333333,6.381207528658626,1.25,24.95,6.45,633.4,4
14334.0,24,1,320.15,-0.9659258262890684,-0.2588190451025206,0.0,225.0,320.15,20.0,2.5325,2.610720559942267,0.55,8.5,1.25,546.35,4
14344.0,24,3,355.65000000000003,0.188564479638656,-0.9082824545968412,0.0,42.333333333333336,118.55,4.666666666666667,4.886111111111111,4.476495856304924,0.55,12.75,3.35,763.7857142857143,2
14355.0,32,1,174.4,1.2246467991473532e-16,-1.0,0.0,92.0,174.4,11.0,2.85,2.1743964679883017,0.65,7.95,2.95,268.6363636363636,2
14373.0,24,1,76.55,-0.7071067811865471,-0.7071067811865479,0.0,17.0,76.55,4.0,11.625,10.139485522780072,0.85,24.95,10.35,168.25,5
14388.0,39,1,312.8,0.258819045102521,-0.9659258262890682,0.0,170.0,312.8,21.0,3.009523809523809,2.8120997069636,0.85,10.95,1.95,640.9047619047619,2
14390.0,39,1,223.7,0.258819045102521,-0.9659258262890682,0.0,74.0,223.7,26.0,3.2574074074074075,2.111857717731718,0.85,9.95,3.75,504.7407407407408,2
14395.0,38,1,308.68,-1.0,-1.8369701987210292e-16,0.0,174.0,308.68,27.0,2.964814814814815,2.2706731810537364,0.29,8.5,2.55,573.4444444444445,4
14396.0,37,1,110.35,-0.7071067811865471,-0.7071067811865479,0.0,39.0,110.35,34.0,2.998529411764706,1.8445860705957875,0.85,8.5,2.95,453.0,4
14401.0,26,1,247.38,0.7071067811865476,-0.7071067811865475,0.0,370.0,247.38,15.0,1.028,0.9282949038809966,0.19,3.95,1.25,288.3333333333333,3
14404.0,35,1,133.48,-0.8660254037844383,-0.5000000000000004,1.0,57.0,133.48,25.0,3.1665384615384613,2.865816382544691,0.14,12.75,2.1,413.5769230769231,0
14409.0,34,2,328.80000000000007,-0.7071067811865471,-0.7071067811865479,0.0,84.0,164.40000000000003,1.0,1.975,0.0,1.85,2.1,1.975,3687.0,3
14413.0,29,1,122.7,-0.2588190451025208,-0.9659258262890684,1.0,68.0,122.7,22.0,2.8065217391304347,2.2469830454020143,0.65,9.95,1.95,322.2173913043478,0
14414.0,25,1,217.2,0.258819045102521,-0.9659258262890682,0.0,146.0,217.2,8.0,2.93375,3.330353638450856,0.42,9.95,1.25,855.125,2
14415.0,27,1,875.18,-0.2588190451025208,-0.9659258262890682,0.0,463.0,875.18,80.0,3.321818181818182,2.60625663888106,0.42,14.95,2.55,421.9431818181818,6
14419.0,31,1,124.1,0.5,-0.8660254037844387,0.0,55.0,124.1,20.0,2.5452380952380955,1.4666206702744204,0.95,5.95,2.1,324.23809523809524,2
14437.0,32,1,63.0,0.7071067811865476,-0.7071067811865475,0.0,60.0,63.0,5.0,1.05,0.282842712474619,0.85,1.45,0.85,913.0,3
14440.0,32,1,656.7,1.2246467991473532e-16,-1.0,0.0,150.0,656.7,13.0,4.688461538461539,3.0437198900737843,1.45,12.75,4.25,399.2307692307692,2
14443.0,35,1,303.5,0.258819045102521,-0.965925826289068,0.0,163.0,303.5,20.0,2.5135,1.3310117837273463,0.42,4.95,2.1,491.45,3
14448.0,30,1,102.35,-0.9659258262890684,-0.2588190451025206,0.0,44.0,102.35,18.0,2.580555555555556,2.008521470318908,0.85,9.95,2.025,612.4444444444445,4
14449.0,39,1,210.24,-0.4999999999999997,-0.8660254037844388,0.0,142.0,210.24,50.0,1.7358000000000002,0.907958216246199,0.65,3.75,1.65,528.4,3
14462.0,6,1,109.3,1.2246467991473532e-16,-1.0,0.0,34.0,109.3,3.0,5.366666666666667,3.4620562290831347,1.65,8.5,5.95,751.0,2
14466.0,39,1,379.75,-0.2588190451025208,-0.9659258262890684,0.0,137.0,379.75,10.0,5.73,5.258759887611864,1.65,14.95,2.1,329.5,2
14472.0,1,2,614.14,-0.1314307495216325,-0.9145484661438305,1.0,144.5,307.07,29.0,4.420604575163399,4.66747811338797,0.42,24.95,2.1100000000000003,442.9857142857143,0
14479.0,32,1,174.4,1.2246467991473532e-16,-1.0,0.0,58.0,174.4,10.0,3.55,1.772004514666935,1.65,7.95,2.95,793.2,2
14487.0,35,1,125.1,-0.2588190451025208,-0.9659258262890684,0.0,37.0,125.1,13.0,2.973076923076923,3.115727268272435,0.85,12.75,2.1,715.2307692307693,2
14491.0,39,1,127.2,1.2246467991473532e-16,-1.0,0.0,40.0,127.2,4.0,4.15,2.638181191654584,1.95,7.95,3.35,134.25,5
14496.0,39,1,304.34000000000003,-0.7071067811865471,-0.7071067811865479,0.0,86.0,304.34000000000003,5.0,5.358,5.472231720239924,1.25,14.95,3.39,473.2,4
14498.0,28,1,166.22,0.258819045102521,-0.9659258262890684,0.0,70.0,166.22,13.0,5.019285714285714,4.845950671652354,1.25,14.95,2.95,552.2857142857143,2
14505.0,3,2,1367.41,-0.8660254037844383,-0.5000000000000004,0.7527472527472527,303.0,683.7049999999999,85.5,3.0842976480129765,2.0827851731524314,0.42,12.75,2.95,361.2362637362637,6
14506.0,36,1,269.7,-0.4999999999999997,-0.8660254037844388,1.0,112.0,269.7,43.0,2.801,2.1475303803890364,0.85,9.95,2.1,296.58,0
14524.0,27,1,275.45,0.258819045102521,-0.9659258262890682,0.0,137.0,275.45,26.0,3.349615384615385,4.641281272036187,0.42,19.95,1.65,417.3076923076923,2
14525.0,27,1,462.3,-0.9659258262890684,-0.2588190451025206,0.0,312.0,462.3,19.0,1.547,1.0324630744002423,0.42,4.95,1.35,901.85,4
14527.0,5,5,1155.24,-0.0942984117815385,-0.9875853785704358,0.2170542635658914,43.2,231.048,25.8,5.826305699593812,3.9121879435144407,0.42,16.95,4.95,439.6744186046512,1
14532.0,19,1,222.6,-0.2588190451025208,-0.9659258262890684,0.0,28.0,222.6,14.0,7.95,0.0,7.95,7.95,7.95,128.64285714285714,5
14533.0,19,1,433.5,0.258819045102521,-0.965925826289068,0.0,540.0,433.5,10.0,2.056,2.6698322876998177,0.19,7.95,0.89,618.8,3
14543.0,31,1,254.4,0.258819045102521,-0.965925826289068,0.0,40.0,254.4,5.0,8.39,6.084652824935865,3.75,16.95,4.25,38.0,5
14544.0,28,1,1121.92,1.2246467991473532e-16,-1.0,0.0,843.0,1121.92,53.0,2.3698245614035085,2.274567848458936,0.21,9.95,1.65,345.859649122807,6
14553.0,5,1,201.94,-0.707106781186547,-0.707106781186548,0.0,131.0,201.94,23.0,2.4321739130434783,2.633844332601957,0.42,12.75,1.45,492.69565217391306,4
14560.0,24,1,408.17,0.7071067811865476,-0.7071067811865474,0.0,69.0,408.17,14.0,6.852857142857142,3.2787836125645717,1.25,12.75,7.95,343.07142857142856,2
14565.0,28,1,1167.41,-0.2588190451025208,-0.9659258262890684,0.0,640.0,1167.41,54.0,2.654074074074074,2.335244739724191,0.29,12.75,1.95,525.074074074074,6
14573.0,38,1,413.1,-0.9659258262890684,0.2588190451025203,0.0,134.0,413.1,68.0,4.00921052631579,3.61981316761253,0.65,16.95,2.95,360.2236842105263,4
14576.0,38,1,35.400000000000006,-0.9659258262890684,-0.2588190451025206,0.0,12.0,35.400000000000006,1.0,2.95,0.0,2.95,2.95,2.95,334.0,5
14577.0,29,1,346.90000000000003,0.258819045102521,-0.9659258262890682,1.0,131.0,346.90000000000003,34.0,3.0026315789473688,1.131069057108712,0.95,4.95,2.95,547.9473684210526,0
14589.0,38,1,39.75,0.258819045102521,-0.9659258262890682,0.0,5.0,39.75,3.0,7.95,0.0,7.95,7.95,7.95,174.0,5
14594.0,40,1,255.0,-0.2588190451025208,-0.9659258262890684,0.0,146.0,255.0,31.0,3.008709677419355,2.275203642073216,0.42,8.5,2.95,384.3870967741936,2
14606.0,1,10,1815.82,-0.2882292646838542,-0.870833155517545,0.2469135802469135,78.5,181.582,31.9,3.438964861784213,3.2179382918116515,0.21,39.95,2.1,185.70987654320987,1
14608.0,28,1,204.0,-0.4999999999999997,-0.8660254037844388,1.0,48.0,204.0,1.0,4.25,0.0,4.25,4.25,4.25,993.0,0
14618.0,4,1,211.8,0.258819045102521,-0.965925826289068,0.0,92.0,211.8,5.0,3.55,2.4566236993076496,0.85,5.95,3.75,377.4,2
14621.0,25,1,305.7,-0.2588190451025208,-0.9659258262890684,0.0,130.0,305.7,16.0,3.10625,2.6127810853571334,0.85,9.95,1.95,302.8125,2
14625.0,27,1,585.53,-0.7071067811865471,-0.7071067811865479,0.0,255.0,585.53,34.0,3.692352941176471,2.8721210184087003,0.55,12.75,2.95,600.6470588235294,6
14639.0,28,1,676.54,-0.2588190451025208,-0.9659258262890682,0.0,272.0,676.54,41.0,5.498536585365853,5.111062786239086,0.85,16.95,2.95,436.6829268292683,6
14643.0,24,1,357.94,-0.9659258262890684,-0.2588190451025206,0.0,386.0,357.94,15.0,1.6700000000000002,2.257625174507812,0.19,7.95,0.85,220.66666666666663,4
14646.0,19,2,8591.88,-0.4311966597724792,-0.7434310377803515,0.0,3357.0,4295.94,35.0,2.359942129629629,2.441905028935341,0.21,15.0,1.45,504.95714285714286,6
14653.0,5,1,344.81,-0.2588190451025208,-0.9659258262890684,0.0,305.0,344.81,29.0,3.0417241379310345,3.472247181957361,0.29,12.75,1.65,528.5862068965517,6
14667.0,27,5,1998.1,-0.2020142516399363,-0.9233109607451356,0.0,285.2,399.62,27.8,3.7780064102564097,3.658217721331367,0.21,14.95,2.1,342.2937062937063,1
14672.0,2,1,285.28000000000003,-0.7071067811865471,-0.7071067811865479,0.0,147.0,285.28000000000003,34.0,3.2202941176470588,3.1045621223418127,0.29,12.75,1.65,420.4411764705882,4
14673.0,34,1,373.49,1.2246467991473532e-16,-1.0,0.0,213.0,373.49,15.0,2.1546666666666665,1.3407773154121494,0.42,4.95,1.95,785.0,3
14680.0,4,3,4395.51,-0.0846139185912086,-0.9888603662868108,0.0,534.3333333333334,1465.17,17.333333333333332,2.994659197012138,2.019931178074899,0.55,10.95,2.55,959.8269230769232,1
14684.0,29,1,168.36,1.2246467991473532e-16,-1.0,1.0,70.0,168.36,44.0,2.538863636363636,2.6707295544598924,0.42,14.95,1.65,466.52272727272725,0
14688.0,40,1,444.98,0.7071067811865476,-0.7071067811865475,0.0,454.0,444.98,19.0,1.7552631578947369,1.1096864843581955,0.38,3.75,1.95,822.3157894736842,3
14696.0,39,1,294.62,-0.7071067811865471,-0.7071067811865479,0.0,284.0,294.62,18.0,2.3216666666666668,2.361179291595372,0.42,7.95,1.35,305.55555555555554,4
14702.0,1,3,778.05,-0.8425396398381721,-0.1365133817516167,0.2857142857142857,86.33333333333333,259.35,23.0,4.856111111111112,3.434495236089912,0.55,16.95,3.95,397.9285714285714,4
14708.0,35,1,419.06,1.2246467991473532e-16,-1.0,0.0,350.0,419.06,12.0,2.6375,2.813060853169793,0.42,9.95,1.65,673.1666666666666,2
14709.0,25,1,314.1,-0.2588190451025208,-0.9659258262890684,0.0,108.0,314.1,15.0,3.96,2.650619873592914,1.65,7.95,2.1,692.4666666666667,2
14713.0,24,2,425.85,-0.9852861522611888,0.1117627694760882,0.0,101.0,212.925,22.0,2.8840526315789474,2.2432012432554327,0.42,12.75,2.1,532.8181818181819,4
14723.0,24,3,471.0,-0.7433168203954023,-0.2786066360323601,0.0,68.66666666666667,157.0,27.0,2.927500466592012,2.3308497640618038,0.29,16.95,2.1,573.0888888888888,4
14729.0,40,1,313.49,1.2246467991473532e-16,-1.0,0.0,197.0,313.49,69.0,2.159154929577465,1.956682138197116,0.29,12.75,1.65,315.9154929577465,6
14732.0,5,1,203.1,-0.4999999999999997,-0.8660254037844389,0.0,58.0,203.1,10.0,4.58,2.7166359916468585,0.85,9.95,4.300000000000001,380.3,2
14733.0,21,3,4357.22,-0.2626604395260041,-0.8564254610533866,0.0,628.0,1452.4066666666668,26.0,3.558025634496223,3.0570897312418843,0.38,12.75,2.55,603.8974358974359,1
14735.0,24,1,252.2,-0.8660254037844384,-0.5000000000000004,0.0,68.0,252.2,5.0,4.569999999999999,3.2942373927815214,1.25,9.95,3.75,415.8,4
14737.0,20,1,434.0,-0.2588190451025208,-0.9659258262890684,0.0,150.0,434.0,8.0,3.25625,2.232301422939372,1.25,8.5,2.95,503.875,2
14739.0,5,2,943.44,-0.4196063483675067,-0.8993255446193152,0.0,350.0,471.72,9.0,1.9604166666666667,1.8289552523607264,0.42,7.95,1.25,539.1111111111111,1
14741.0,28,2,495.3,0.5464431097413242,-0.7452241190995095,0.0,205.0,247.65,9.5,1.8022222222222224,1.18639375439461,0.65,3.95,1.45,607.8947368421053,3
14744.0,33,1,225.0,0.4999999999999999,-0.8660254037844387,0.0,148.0,225.0,3.0,1.5166666666666666,0.2309401076758502,1.25,1.65,1.65,658.3333333333334,3
14748.0,35,2,470.42,0.4999999999999999,-0.8660254037844387,0.0,165.0,235.21,16.0,1.903563218390805,1.3934556446432564,0.29,7.95,2.1,597.0625,3
14755.0,1,1,488.46,-0.4999999999999997,-0.8660254037844388,1.0,238.0,488.46,27.0,3.1644444444444444,2.439123949500238,0.55,9.95,1.95,913.0370370370372,0
14761.0,1,1,97.5,1.2246467991473532e-16,-1.0,1.0,58.0,97.5,7.0,1.9642857142857144,1.0172324733127156,0.85,3.75,1.65,270.2857142857143,0
14766.0,32,1,180.4,-0.7071067811865471,-0.7071067811865479,0.0,64.0,180.4,6.0,5.166666666666667,4.927643114782834,1.45,14.95,3.35,756.6666666666666,4
14769.0,24,1,347.01,0.258819045102521,-0.9659258262890682,0.0,189.0,347.01,22.0,3.305909090909091,2.666941638961698,0.42,8.5,2.1,537.0909090909091,2
14775.0,38,1,406.56,-0.8660254037844384,-0.5000000000000004,0.0,384.0,406.56,20.0,1.1505,0.4567329635574818,0.42,2.1,1.25,484.25,3
14796.0,28,2,1028.82,0.5,-0.8660254037844387,0.0,336.0,514.4100000000001,42.5,1.5864324324324324,1.3082695980956736,0.42,12.75,1.45,587.8275862068965,6
14800.0,1,3,1757.84,0.3298517920928744,-0.9365030991130472,1.0,494.6666666666667,585.9466666666667,47.66666666666666,1.971131309411063,1.4431724869021194,0.12,12.75,1.65,540.2808219178082,1
14810.0,1,2,326.99,0.1061821723497522,-0.9860208518108998,1.0,74.0,163.495,19.0,2.65148097826087,1.7339202434487169,0.85,9.95,1.95,516.7692307692307,0
14813.0,36,2,155.43,0.258819045102521,-0.9659258262890682,1.0,33.5,77.715,13.0,3.163333333333333,2.34437151457572,0.29,8.5,2.1,631.5333333333333,0
14821.0,33,1,48.8,0.8660254037844387,-0.4999999999999998,0.0,20.0,48.8,2.0,2.5250000000000004,0.6010407640085653,2.1,2.95,2.5250000000000004,954.5,3
14825.0,25,2,396.43,0.2222222222222222,-0.940455735015306,0.0,70.5,198.21500000000003,9.0,3.56875,1.9323695246316808,0.42,8.5,2.95,928.7777777777778,2
14828.0,3,1,582.0,0.7071067811865476,-0.7071067811865475,0.0,968.0,582.0,5.0,1.412,1.9880568402336996,0.25,4.95,0.72,1318.2,3
14829.0,27,2,385.33,-0.4424898155230191,-0.5557595180117632,0.0,145.0,192.665,13.0,2.117293233082707,1.6548914319712713,0.42,5.95,1.45,461.6538461538461,3
14841.0,25,1,395.16,0.5,-0.8660254037844388,0.0,274.0,395.16,19.0,2.532105263157894,2.818814918340622,0.19,9.95,1.25,306.3157894736842,6
14849.0,25,5,566.89,0.1016789105759904,-0.9866137174707054,0.0,61.2,113.378,5.6,3.045630952380953,1.9443606433726264,0.42,7.95,3.45,634.4642857142857,1
14865.0,38,1,37.2,-1.0,-1.83697019872103e-16,0.0,96.0,37.2,3.0,0.4533333333333333,0.2814841617806112,0.19,0.75,0.42,706.6666666666666,3
14866.0,32,1,103.68,-0.4999999999999997,-0.8660254037844388,0.0,144.0,103.68,1.0,0.72,0.0,0.72,0.72,0.72,1064.0,3
14867.0,2,1,300.74,-0.8660254037844385,-0.5000000000000004,0.0,118.0,300.74,15.0,4.804,3.7195310764357687,0.42,12.75,3.75,346.1333333333333,4
14871.0,27,1,140.4,1.2246467991473532e-16,-1.0,0.0,38.0,140.4,21.0,3.78,1.6360521589077373,1.65,6.95,3.95,424.04,2
14878.0,25,1,322.01,1.2246467991473532e-16,-1.0,0.0,135.0,322.01,13.0,2.436923076923077,1.383638829411928,1.25,5.95,1.95,311.38461538461536,3
14889.0,2,1,135.9,-0.7071067811865471,-0.7071067811865479,0.0,90.0,135.9,10.0,2.26,1.5861904047118682,0.55,4.95,1.875,388.3,3
14896.0,32,1,257.22,1.2246467991473532e-16,-1.0,0.0,184.0,257.22,32.0,2.33875,2.284248658855657,0.55,10.95,1.5699999999999998,630.40625,2
14898.0,37,1,98.5,-0.7071067811865471,-0.7071067811865479,0.0,18.0,98.5,3.0,8.216666666666667,5.93408234972631,3.75,14.95,5.95,80.0,5
14901.0,27,3,497.05,0.3476751863805395,-0.9291204074715732,0.0,68.66666666666667,165.6833333333333,12.666666666666666,4.528968253968253,3.516472174562448,0.55,14.95,2.55,375.3684210526316,2
14907.0,27,3,960.69,0.4025013161052744,-0.9064106809671612,0.0,121.33333333333331,320.23,15.666666666666666,2.9739021164021167,2.7049369326068247,0.85,14.95,3.45,521.5744680851063,1
14911.0,17,13,7737.94,-0.3208686388086084,-0.8575024793687085,0.0616438356164383,256.2307692307692,595.2261538461539,22.46153846153846,5.005899982977649,7.650474094508823,0.0,50.0,2.95,442.6438356164384,1
14913.0,26,1,300.87,-0.4999999999999996,-0.8660254037844388,0.0,423.0,300.87,17.0,1.9058823529411764,3.141011100791291,0.19,12.75,0.42,583.9411764705883,6
14932.0,32,1,363.53,0.258819045102521,-0.9659258262890684,0.0,80.0,363.53,17.0,9.449411764705882,11.143552211137743,1.25,50.0,7.95,187.0,2
14952.0,31,1,686.16,1.2246467991473532e-16,-1.0,0.0,472.0,686.16,7.0,4.2942857142857145,3.073878424959024,0.55,6.75,6.75,562.2857142857143,2
14961.0,27,2,1182.7,0.258819045102521,-0.9659258262890682,0.0,283.0,591.35,19.0,2.9336666666666664,1.3179169788244725,0.55,5.95,2.75,539.578947368421,1
14985.0,24,1,124.51,-0.9659258262890684,0.2588190451025203,0.0,89.0,124.51,45.0,1.7712,1.5268998069317328,0.21,9.95,1.35,336.98,4
14987.0,32,1,163.2,1.2246467991473532e-16,-1.0,0.0,64.0,163.2,2.0,2.55,0.0,2.55,2.55,2.55,2721.5,3
15002.0,5,2,893.15,0.0799394571753902,-0.9213274233852158,0.0,208.5,446.575,27.0,2.681522580645161,2.0052676710301087,0.42,12.75,2.325,514.2321428571429,1
15005.0,1,3,611.46,-0.3892536431593206,-0.9118980467712584,0.2551020408163265,111.0,203.82,32.666666666666664,2.4645185185185183,1.8916482362143927,0.42,10.95,1.95,654.8877551020408,1
15012.0,40,1,191.06,1.2246467991473532e-16,-1.0,0.0,86.0,191.06,46.0,2.707222222222222,2.383775676943496,0.42,12.75,1.95,355.4074074074074,2
15018.0,34,1,111.25,0.4999999999999999,-0.8660254037844387,0.0,21.0,111.25,5.0,7.3,6.0578461518926,2.1,14.95,3.75,490.8,2
15021.0,33,1,205.64,1.2246467991473532e-16,-1.0,0.0,94.0,205.64,45.0,2.593962264150943,1.510094673067071,0.21,8.5,2.1,753.7547169811321,2
15023.0,36,1,460.6,-0.2588190451025208,-0.9659258262890684,1.0,232.0,460.6,32.0,3.52027027027027,3.0069932255092056,0.65,14.95,2.95,434.6756756756757,0
15024.0,33,2,491.22,-0.2735504363772405,-0.9511944350143486,0.0,129.5,245.61,23.5,2.4320212765957447,2.6661840991056445,0.42,12.75,1.82,448.25,2
15028.0,35,1,185.97,1.2246467991473532e-16,-1.0,0.0,119.0,185.97,14.0,2.7885714285714287,2.249201079162442,0.29,7.95,2.1,335.92857142857144,2
15032.0,33,2,2770.6,-0.0086273015034172,-0.9988641942096356,0.0,829.0,1385.3,14.0,4.874137931034483,0.4888913768160808,1.25,7.95,1.65,623.6333333333333,1
15034.0,4,2,1426.35,-0.0344930137164167,-0.7071067811865477,0.0,319.0,713.175,40.5,3.5538282647584976,2.8174160511662047,0.42,10.95,2.75,305.7317073170732,1
15038.0,36,1,126.43,0.5,-0.8660254037844387,1.0,46.0,126.43,30.0,2.9894285714285718,1.9203307663266869,0.85,8.95,2.1,371.25714285714287,0
15039.0,6,4,2136.22,0.1799107996444353,-0.9758987551800726,0.0,206.25,534.055,39.75,3.887937348668281,2.6776113434990214,0.55,12.75,1.95,478.1036585365854,1
15044.0,19,4,2139.15,-0.3080111652815993,-0.9253753870949416,0.7241379310344828,164.5,534.7875,26.25,4.793424638487208,2.326468312460384,0.42,12.75,4.1,541.8103448275862,1
15046.0,4,1,511.95,-0.7071067811865471,-0.7071067811865478,0.0,275.0,511.95,29.0,2.922068965517241,3.6913628719236944,0.85,18.95,1.65,488.0,6
15048.0,35,1,98.7,1.2246467991473532e-16,-1.0,0.0,32.0,98.7,23.0,2.884782608695652,2.2498199313100944,0.85,8.5,2.1,223.91304347826087,2
15059.0,1,1,182.78,0.258819045102521,-0.9659258262890682,1.0,72.0,182.78,28.0,3.2306896551724136,3.0899479087547306,0.85,16.95,2.1,279.17241379310343,0
15061.0,26,12,19950.66,-0.369031449582728,-0.8015654542171925,0.0,764.25,1662.555,10.333333333333334,3.3483267178362577,2.3879354214240136,0.07,10.95,1.25,795.491935483871,1
15062.0,25,1,209.08,-0.7071067811865471,-0.7071067811865479,0.0,164.0,209.08,11.0,1.7200000000000002,1.0059324032955694,0.42,3.75,1.95,961.181818181818,3
15070.0,39,1,106.2,0.258819045102521,-0.9659258262890682,0.0,36.0,106.2,1.0,2.95,0.0,2.95,2.95,2.95,1697.0,3
15078.0,21,4,818.6500000000001,1.2246467991473532e-16,-1.0,0.0,89.75,204.6625,9.25,4.086607142857143,2.625311675797167,0.85,12.75,2.1,795.5945945945946,1
15079.0,32,1,141.95,0.7071067811865476,-0.7071067811865475,0.0,45.0,141.95,4.0,4.1,1.1357816691600549,2.55,4.95,4.45,669.25,2
15081.0,33,1,111.15,-0.8660254037844384,-0.5000000000000004,0.0,57.0,111.15,8.0,3.075,2.752012250803297,0.85,8.95,2.55,906.625,4
15093.0,5,2,1844.13,-0.5793297283014308,-0.5482281716775794,0.0,753.5,922.065,18.5,2.579345238095238,2.965383797330946,0.21,10.95,0.42,747.7027027027027,1
15100.0,33,2,700.8,0.3535533905932738,-0.8535533905932737,0.0,32.0,350.4,1.0,10.95,0.0,10.95,10.95,10.95,213.0,5
15101.0,26,1,102.28,1.2246467991473532e-16,-1.0,0.0,34.0,102.28,4.0,3.385,1.8149104661112077,2.1,5.95,2.745,76.0,5
15107.0,26,2,177.05,-0.3492619031890754,-0.9284631678498324,0.0,34.5,88.525,4.0,6.058333333333334,5.225820104057113,0.85,12.75,6.125,497.25,2
15111.0,39,1,288.5,0.258819045102521,-0.9659258262890682,0.0,106.0,288.5,16.0,4.05,2.409840935276296,1.25,7.95,3.35,533.5,2
15139.0,3,1,122.1,1.2246467991473532e-16,-1.0,0.0,102.0,122.1,8.0,1.7375,1.2799972098183876,0.55,3.75,1.15,753.625,3
15157.0,25,1,1085.46,-0.2588190451025208,-0.9659258262890684,0.0,1078.0,1085.46,54.0,1.5599999999999998,1.8481964691772477,0.19,9.95,1.25,186.2037037037037,6
15159.0,27,2,1860.98,-0.7071067811865471,-0.7071067811865479,0.0,494.0,930.49,24.0,7.2310869565217395,16.502354364266882,0.38,125.0,1.25,362.2291666666667,6
15160.0,24,1,158.16,-0.4999999999999997,-0.8660254037844388,0.0,84.0,158.16,4.0,1.7475,1.1111668041597835,0.29,2.95,1.875,389.25,3
15164.0,6,1,173.39,-0.4999999999999997,-0.8660254037844388,0.0,49.0,173.39,15.0,4.90875,3.1226097525414,1.65,12.75,4.6,1012.6875,2
15165.0,40,1,487.75,-0.4999999999999997,-0.8660254037844388,0.0,160.0,487.75,27.0,4.987037037037037,4.003906568124163,1.45,18.95,3.75,414.037037037037,2
15180.0,33,1,87.5,-0.4999999999999997,-0.8660254037844388,0.0,36.0,87.5,6.0,3.266666666666667,1.7081178725915456,0.85,4.95,3.85,608.3333333333334,2
15192.0,31,1,315.0,-0.4999999999999997,-0.8660254037844388,0.0,196.0,315.0,15.0,3.29,3.23657667473344,0.65,9.95,1.65,212.6,2
15194.0,3,4,1890.54,-0.2250540777642603,-0.867177225543347,0.0,369.0,472.635,22.75,2.4058892045454545,2.124412077259571,0.21,12.75,1.25,463.6483516483517,1
15197.0,24,1,556.5,-1.0,-1.83697019872103e-16,0.0,78.0,556.5,3.0,12.916666666666666,19.092494162191944,1.25,34.95,2.55,1146.6666666666667,4
15204.0,24,1,316.58,-0.2588190451025208,-0.9659258262890684,0.0,258.0,316.58,9.0,2.4044444444444446,2.6600193190610057,0.42,8.5,1.65,253.66666666666663,2
15208.0,20,1,65.4,-0.2588190451025208,-0.9659258262890684,0.0,20.0,65.4,3.0,3.216666666666667,0.4618802153517005,2.95,3.75,2.95,906.6666666666666,5
15211.0,31,1,383.07,-0.8660254037844384,-0.5000000000000004,0.0,117.0,383.07,23.0,5.164782608695653,3.980044391672509,1.25,14.95,2.95,434.39130434782606,4
15221.0,33,1,403.25,-0.2588190451025208,-0.9659258262890684,0.0,43.0,403.25,5.0,12.71,7.013415715612472,4.95,21.95,12.75,133.2,5
15224.0,24,2,322.08,-0.6060915267313262,-0.7489486695884696,0.1428571428571428,76.0,161.04000000000002,7.0,4.29125,4.126582836917418,0.55,9.95,1.7999999999999998,413.1428571428572,4
15235.0,5,4,807.29,0.1333067750350307,-0.8357030332074411,0.0784313725490196,116.75,201.8225,12.75,2.7251470588235294,1.2201505127357146,0.29,7.95,1.65,493.2352941176471,1
15246.0,25,1,186.0,0.7071067811865476,-0.7071067811865475,0.0,86.0,186.0,12.0,2.4208333333333334,0.9454336026235248,0.65,3.75,2.55,655.0833333333334,3
15260.0,39,2,420.5,1.2246467991473532e-16,-1.0,0.0,127.0,210.25,8.5,2.315625,3.4565336682867707,0.85,12.75,2.55,753.0,2
15266.0,5,1,119.3,-0.2588190451025208,-0.9659258262890684,0.0,18.0,119.3,6.0,6.75,2.280350850198276,3.75,9.95,6.95,209.5,5
15271.0,4,2,364.85,0.0447085729384875,-0.9259656572872166,0.0,82.0,182.425,20.0,4.036458333333334,3.962002912193614,0.55,24.95,1.65,366.425,2
15279.0,21,1,290.51,0.5,-0.8660254037844388,0.0,189.0,290.51,19.0,3.8610526315789473,4.497390471443588,0.42,19.95,2.95,171.57894736842104,2
15288.0,32,1,165.65,-0.2588190451025208,-0.9659258262890684,0.0,66.0,165.65,26.0,3.034615384615385,2.424242942890388,0.55,9.95,1.95,361.5384615384616,2
15290.0,25,1,219.6,-0.8660254037844384,-0.5000000000000004,0.0,168.0,219.6,8.0,1.9,1.2972498382567417,0.55,3.75,1.45,412.625,3
15291.0,24,2,648.9,0.5690355937288492,-0.8130525295851415,0.0,79.0,324.45000000000005,3.0,5.4,1.994254932032537,2.55,12.75,5.75,577.3333333333334,2
15298.0,4,2,703.34,-0.5434470257346696,-0.7475230952160677,0.0,343.0,351.67,16.0,2.143294117647059,2.424137592794468,0.1,9.95,1.35,727.09375,1
15299.0,38,3,1835.01,-0.8660254037844384,-0.5000000000000004,0.0,699.0,611.67,1.0,3.2300000000000004,0.0,0.55,7.65,1.49,777.0,1
15301.0,35,1,673.37,1.2246467991473532e-16,-1.0,0.0,503.0,673.37,34.0,2.6244117647058824,2.511154740023451,0.42,7.95,1.35,376.0882352941176,6
15304.0,35,1,123.15,0.258819045102521,-0.965925826289068,0.0,21.0,123.15,5.0,6.909999999999999,4.626877997094801,2.95,12.75,4.95,590.2,5
15311.0,2,11,3963.47,-0.1071766584300393,-0.8757242434010285,0.1392405063291139,166.54545454545453,360.31545454545454,21.272727272727277,3.065746524936481,2.40154630398817,0.42,10.95,2.1,360.831223628692,1
15312.0,21,1,289.74,1.2246467991473532e-16,-1.0,0.0,177.0,289.74,16.0,2.2525,1.4972797556457735,0.42,4.95,2.3,724.5,3
15332.0,32,4,1661.06,-0.0142857142857141,-0.9961721543938412,0.9714285714285714,163.0,415.265,8.75,2.276525,1.262053928911001,1.25,5.95,2.55,331.3428571428572,0
15347.0,32,1,201.6,-0.7071067811865471,-0.7071067811865479,0.0,130.0,201.6,5.0,2.2700000000000005,0.7111610225539643,1.25,2.95,2.1,585.0,3
15350.0,40,1,115.65,-0.2588190451025208,-0.9659258262890684,0.0,51.0,115.65,5.0,2.6700000000000004,1.2745587471748805,2.1,4.95,2.1,1583.4,3
15351.0,36,1,274.67,0.258819045102521,-0.9659258262890682,1.0,129.0,274.67,49.0,2.5841176470588234,2.5039777766350797,0.65,14.95,1.65,371.05882352941177,0
15353.0,34,1,311.65,0.258819045102521,-0.9659258262890682,0.0,131.0,311.65,12.0,4.125,4.263348022814506,0.85,12.75,1.875,632.0833333333334,2
15356.0,27,2,365.54,-0.0908975582925537,-0.919884762004326,0.0,100.5,182.77,51.5,1.9065459525258677,1.0237092733228006,0.42,3.95,1.95,578.5565217391304,3
15358.0,5,3,1278.41,0.1205904774487395,-0.9159756150367536,0.0,397.6666666666667,426.1366666666667,27.33333333333333,2.3893573364305074,1.8132022387599591,0.29,12.75,1.45,402.6951219512195,1
15361.0,28,1,418.92,0.7071067811865476,-0.7071067811865474,0.0,336.0,418.92,7.0,1.3442857142857143,0.411576527629113,0.85,2.1,1.25,464.57142857142856,3
15363.0,39,1,326.0,1.2246467991473532e-16,-1.0,0.0,144.0,326.0,16.0,2.9875000000000003,1.8993419913222576,0.85,7.95,2.75,337.4375,2
15366.0,24,1,105.54,-0.7071067811865471,-0.7071067811865479,0.0,61.0,105.54,8.0,2.9175,1.5414904661212985,0.42,3.75,3.75,324.125,4
15373.0,26,2,537.1,-0.1874999999999998,-0.8660254037844388,0.0,33.0,268.55,8.0,8.564545454545454,5.69396922604842,2.95,29.95,7.45,427.0625,5
15379.0,4,2,2151.61,-0.3571646771966384,-0.92518973167553,0.0,668.5,1075.805,51.5,2.45064012490242,2.4781365807551543,0.19,12.75,1.65,597.5631067961165,6
15380.0,31,1,230.1,-0.7071067811865471,-0.7071067811865479,0.0,78.0,230.1,1.0,2.95,0.0,2.95,2.95,2.95,92.0,5
15384.0,26,1,303.57,0.258819045102521,-0.965925826289068,0.0,248.0,303.57,20.0,1.906,1.6820520049535987,0.42,4.95,1.65,440.6,3
15392.0,26,1,338.98,-0.7071067811865471,-0.7071067811865479,0.0,402.0,338.98,19.0,1.1847368421052633,1.1017580316176137,0.12,4.65,0.85,823.6842105263158,3
15394.0,25,1,587.66,1.2246467991473532e-16,-1.0,0.0,242.0,587.66,24.0,3.0225000000000004,2.2355375776017645,1.25,10.95,1.95,671.125,6
15426.0,36,1,411.42,-0.2588190451025208,-0.9659258262890684,1.0,159.0,411.42,74.0,2.967209302325581,2.471530914546591,0.14,12.75,2.1,383.36046511627904,0
15454.0,29,1,179.1,-0.4999999999999997,-0.8660254037844388,1.0,86.0,179.1,23.0,2.782,2.3868947749464504,0.85,10.95,1.25,396.0,0
15456.0,25,1,243.22,-0.7071067811865471,-0.7071067811865479,0.0,434.0,243.22,25.0,1.258846153846154,0.8462544625493064,0.21,2.95,1.05,405.5769230769231,3
15460.0,20,1,216.76,-0.8660254037844384,-0.5000000000000004,0.0,109.0,216.76,53.0,2.828275862068965,2.5635988532646383,0.29,12.75,1.95,307.7068965517241,4
15464.0,4,1,1048.85,-0.7071067811865471,-0.7071067811865479,0.0,350.0,1048.85,155.0,4.210891719745223,5.4308958716743465,0.65,39.95,2.55,270.5031847133758,6
15465.0,1,3,1258.15,0.3529411764705882,-0.9054296967890156,0.7058823529411765,78.33333333333333,419.3833333333334,5.666666666666667,7.05,2.870395066525294,2.55,10.95,6.75,575.4117647058823,1
15482.0,25,2,723.64,0.4999999999999999,-0.8660254037844387,0.0,128.0,361.82,3.5,3.585,3.113050276764225,1.06,10.95,2.0,810.25,2
15485.0,2,2,1278.63,-0.587705920073008,-0.637038951318581,0.0,301.5,639.315,21.0,3.5354130434782607,3.269104247510594,0.42,9.95,2.95,282.6511627906977,1
15498.0,5,3,1220.12,-0.0847578099816504,-0.8599579379076558,0.0,261.3333333333333,406.7066666666667,12.333333333333334,2.706179337231969,2.581564963381876,0.21,12.75,2.1,1094.7027027027027,1
15502.0,34,3,929.4,-0.6627267566465728,-0.7411607717432388,0.7857142857142857,96.66666666666669,309.8,9.333333333333334,7.212037037037036,4.552801940619656,0.85,14.95,4.800000000000001,357.2857142857143,0
15503.0,29,1,147.09,0.5,-0.8660254037844387,1.0,74.0,147.09,66.0,2.053142857142857,1.8025372961283623,0.42,9.95,1.5499999999999998,419.57142857142856,0
15512.0,26,1,101.2,1.2246467991473532e-16,-1.0,0.0,56.0,101.2,6.0,2.0,1.0054849576199536,1.25,3.75,1.6,58.333333333333336,3
15513.0,32,2,1313.5,0.6174492339697423,-0.7588705902070516,0.0,177.0,656.75,7.5,4.316666666666666,1.93175957869832,1.25,12.75,4.25,541.4666666666667,2
15514.0,27,4,1884.71,-0.223122763715805,-0.9696917918824328,0.0,200.75,471.1775,14.25,2.3705944055944057,1.969136548525288,0.42,8.95,2.95,413.7808219178082,1
15525.0,40,1,313.93,-0.2588190451025208,-0.9659258262890684,0.0,124.0,313.93,44.0,3.3466666666666667,3.3772819446018025,0.29,14.95,2.1,437.87719298245617,6
15527.0,21,1,221.4,-0.4999999999999997,-0.8660254037844388,0.0,62.0,221.4,17.0,4.105555555555556,3.4164347123559744,0.85,12.75,2.95,643.7222222222222,2
15529.0,31,2,321.46,-0.0304492994238258,-0.9959912736810668,0.0,98.0,160.73000000000002,8.5,1.943,1.501156774958015,0.42,8.5,1.65,721.6470588235294,3
15532.0,24,1,356.35,-0.8660254037844384,-0.5000000000000004,0.0,92.0,356.35,48.0,4.134,2.8712231625179525,1.25,16.95,2.95,260.42,4
15544.0,39,1,354.54,1.2246467991473532e-16,-1.0,0.0,274.0,354.54,26.0,1.9530769230769232,2.4299378909441605,0.55,12.75,1.25,615.5769230769231,6
15545.0,37,1,135.32999999999998,-0.9659258262890684,-0.2588190451025206,0.0,75.0,135.32999999999998,31.0,2.982903225806452,2.592851960741797,0.29,9.95,1.69,405.1612903225807,4
15547.0,29,1,767.37,-0.2588190451025208,-0.9659258262890684,1.0,559.0,767.37,54.0,2.400357142857142,2.103628868309336,0.42,9.95,1.65,389.5535714285714,0
15555.0,28,3,989.82,-0.5057151572634127,-0.7601348728537058,0.3368421052631579,230.33333333333331,329.94,31.666666666666668,1.7923605336105335,1.2089660444050505,0.16,12.75,1.25,366.7894736842105,1
15562.0,18,1,134.55,0.7071067811865476,-0.7071067811865475,0.0,39.0,134.55,1.0,3.45,0.0,3.45,3.45,3.45,440.0,5
15563.0,25,1,270.19,0.258819045102521,-0.9659258262890682,0.0,315.0,270.19,22.0,1.450909090909091,1.365722934639063,0.29,6.45,1.05,597.2272727272727,3
15570.0,23,3,1064.64,-0.1272206654433802,-0.8605522708583492,0.7456140350877193,146.66666666666666,354.87999999999994,32.666666666666664,3.1480497362183653,2.2591925136195425,0.42,12.75,2.95,506.5350877192983,0
15574.0,25,3,590.15,-0.5381127076954226,-0.7771064183872471,0.0,101.0,196.71666666666667,44.66666666666666,3.1093835157471523,2.578793207977784,0.12,14.95,1.65,359.1949685534591,6
15581.0,20,4,325.96,-0.4014606709235468,-0.8530524550009375,0.4897959183673469,35.0,81.49000000000001,11.5,1.9361134453781512,1.1740832818457565,0.29,7.95,1.45,530.7755102040817,0
15587.0,18,1,344.88,0.7071067811865476,-0.7071067811865475,0.0,120.0,344.88,3.0,2.9600000000000004,0.7447818472546173,2.1,3.39,3.39,919.6666666666666,3
15596.0,31,1,402.32,-0.8660254037844384,-0.5000000000000004,0.0,168.0,402.32,21.0,4.461428571428572,3.4717060441723544,0.55,10.95,2.95,282.8095238095238,4
15601.0,3,3,1924.9,-0.0826086956521737,-0.8660254037844387,0.0,434.0,641.6333333333333,38.333333333333336,2.4412606837606834,2.594377958341838,0.42,9.95,1.25,305.44347826086954,1
15602.0,27,2,152.55,-0.4656253246142801,-0.771811542462178,0.0,52.5,76.275,2.0,2.1500000000000004,1.8520259177452136,1.25,4.95,2.1,1606.25,3
15605.0,40,1,194.85,-0.2588190451025208,-0.9659258262890684,0.0,71.0,194.85,12.0,4.8500000000000005,2.671397319075475,0.85,7.95,4.95,273.6666666666667,2
15607.0,3,1,104.76,1.2246467991473532e-16,-1.0,0.0,202.0,104.76,13.0,1.1753846153846153,2.2486166687714744,0.19,8.5,0.19,232.69230769230768,3
15611.0,1,1,104.25,0.258819045102521,-0.9659258262890682,1.0,15.0,104.25,3.0,6.916666666666667,5.057996968497839,3.75,12.75,4.25,858.0,0
15615.0,25,3,1081.19,-0.8660254037844384,-0.5000000000000004,0.0,124.33333333333331,360.3966666666667,8.333333333333334,3.599855072463768,2.2005690963535063,0.85,9.95,1.95,829.0,4
15620.0,25,1,424.49,-0.4999999999999997,-0.8660254037844388,0.0,395.0,424.49,31.0,1.98,2.526320116955358,0.18,12.75,1.25,364.3870967741936,6
15628.0,33,1,319.18,0.7071067811865476,-0.7071067811865475,0.0,250.0,319.18,19.0,1.466842105263158,0.8694829410605602,0.42,2.95,1.25,1031.3684210526317,3
15640.0,21,3,2766.69,-0.634814791527092,-0.7625783758669438,0.5849056603773585,487.6666666666667,922.23,33.0,2.726119483538838,2.2962917860632923,0.29,12.75,1.95,806.8867924528302,1
15641.0,25,1,308.37,-0.4999999999999997,-0.8660254037844389,0.0,357.0,308.37,20.0,2.0385,2.0431278265907578,0.21,7.95,1.15,488.15,3
15646.0,38,1,189.8,-0.8660254037844384,-0.5000000000000004,0.0,230.0,189.8,17.0,1.3911764705882357,1.1555728144135986,0.12,2.95,1.25,528.5882352941177,3
15649.0,3,2,816.0,0.1205904774487395,-0.9159756150367536,0.0,96.0,408.0,1.0,4.25,0.0,4.25,4.25,4.25,2402.0,1
15658.0,39,1,306.2,0.4999999999999999,-0.8660254037844387,0.0,64.0,306.2,14.0,7.192857142857143,4.738299644016144,1.45,19.95,5.95,364.5,2
15660.0,32,1,209.3,0.7071067811865476,-0.7071067811865475,0.0,110.0,209.3,10.0,2.77,2.096452029289273,0.85,7.95,2.25,722.5,2
15661.0,5,1,116.0,1.2246467991473532e-16,-1.0,0.0,80.0,116.0,1.0,1.45,0.0,1.45,1.45,1.45,1929.0,3
15680.0,32,1,478.89,-0.4999999999999997,-0.8660254037844388,0.0,331.0,478.89,30.0,2.1813333333333333,1.9451526548255056,0.42,9.95,1.5699999999999998,583.3,6
15689.0,28,1,103.5,0.7071067811865476,-0.7071067811865475,0.0,56.0,103.5,6.0,2.6750000000000003,2.497548798322067,1.25,7.65,1.675,308.0,2
15694.0,27,3,847.3299999999999,0.8265617250800188,-0.5002047491477659,0.0,64.0,282.4433333333333,4.333333333333333,8.612777777777778,3.1853101324205126,0.85,15.0,4.95,596.0,2
15708.0,1,2,782.45,0.258819045102521,-0.965925826289068,1.0,169.0,391.225,36.0,3.986839826839826,2.454265490489694,0.42,9.95,3.75,477.9767441860465,0
15713.0,32,1,171.15,-0.7071067811865471,-0.7071067811865479,0.0,59.0,171.15,9.0,6.288888888888889,5.362589030599968,0.85,14.95,3.95,658.7777777777778,4
15716.0,36,1,547.1,1.2246467991473532e-16,-1.0,1.0,435.0,547.1,35.0,2.5,1.6596955109866354,0.42,7.95,2.55,433.3684210526316,0
15719.0,4,1,433.04,1.2246467991473532e-16,-1.0,0.0,224.0,433.04,104.0,2.195,1.7214009873423743,0.42,7.95,1.65,642.5288461538462,6
15723.0,31,1,203.1,0.258819045102521,-0.9659258262890682,0.0,87.0,203.1,37.0,2.5853658536585367,2.0737117658452147,0.65,9.95,1.95,238.1219512195122,2
15727.0,25,1,1536.85,-0.7071067811865471,-0.7071067811865479,0.0,537.0,1536.85,65.0,6.812686567164179,21.030040460348804,0.55,125.0,1.95,490.14925373134326,6
15732.0,38,1,138.1,-0.7071067811865471,-0.7071067811865479,0.0,97.0,138.1,5.0,1.844,1.5219001281293063,0.42,4.25,1.95,1173.8,3
15738.0,39,1,329.65000000000003,1.2246467991473532e-16,-1.0,0.0,255.0,329.65000000000003,14.0,1.8464285714285715,1.310529001486142,0.65,5.45,1.65,453.57142857142856,3
15750.0,33,2,340.52,0.4473684210526316,-0.880127992859761,0.0,154.0,170.26,9.5,1.9511764705882355,0.94878627962875,0.29,7.95,1.69,1127.421052631579,3
15752.0,39,1,259.65000000000003,0.7071067811865476,-0.7071067811865474,0.0,153.0,259.65000000000003,14.0,1.885714285714286,1.0400496606909195,0.55,4.65,1.775,602.8571428571429,3
15759.0,24,1,97.24,-0.7071067811865471,-0.7071067811865479,0.0,32.0,97.24,4.0,4.3925,4.031859579234707,0.42,9.95,3.6,187.75,4
15769.0,2,3,5636.28,-0.3275541371565818,-0.8777572908607719,0.0,956.0,1878.76,4.0,2.3588888888888886,0.4445597072760119,1.65,3.39,1.65,996.6666666666666,1
15777.0,27,1,365.55,-0.8660254037844384,-0.5000000000000004,0.0,113.0,365.55,5.0,3.96,2.868449058289165,1.25,8.5,2.55,1173.0,4
15780.0,24,1,177.15,0.258819045102521,-0.9659258262890682,0.0,65.0,177.15,12.0,5.058333333333334,3.694088233757807,0.55,12.75,4.85,376.4166666666667,2
15789.0,25,1,351.3,-0.4999999999999997,-0.8660254037844388,0.0,438.0,351.3,25.0,0.9984,0.5617508344453082,0.21,2.55,0.85,596.88,3
15805.0,31,1,370.80000000000007,0.7071067811865476,-0.7071067811865475,0.0,212.0,370.80000000000007,11.0,1.9727272727272729,1.3033348833595373,0.55,4.95,1.25,1031.090909090909,3
15808.0,5,3,2983.77,-0.5562581309629815,-0.7620254264784722,0.4353741496598639,365.3333333333333,994.59,45.333333333333336,3.508584615756872,2.2783749060181844,0.42,12.75,2.95,578.7210884353741,1
15811.0,24,2,438.8,-0.6440742825645545,-0.7554733184989495,0.0,64.0,219.4,11.5,5.557589285714286,3.290504314584352,0.85,12.75,3.75,256.4347826086956,4
15822.0,26,1,440.2,-0.2588190451025208,-0.9659258262890684,0.0,160.0,440.2,16.0,4.009375,3.2938942884272007,0.85,9.95,2.5250000000000004,563.375,2
15823.0,38,1,15.0,-0.7071067811865471,-0.7071067811865479,0.0,1.0,15.0,1.0,15.0,0.0,15.0,15.0,15.0,1.0,5
15827.0,39,2,190.93,-0.2588190451025208,-0.9659258262890684,0.0,54.5,95.465,7.0,4.3585714285714285,3.657037113928421,0.42,10.95,2.5250000000000004,432.3571428571428,2
15838.0,34,1,957.5,0.258819045102521,-0.9659258262890682,0.0,550.0,957.5,3.0,1.7833333333333332,0.1154700538379252,1.65,1.85,1.85,1559.3333333333333,3
15841.0,5,1,331.6,0.258819045102521,-0.9659258262890684,0.0,132.0,331.6,7.0,1.792857142857143,0.9897089519266812,1.25,3.75,1.25,732.2857142857143,3
15845.0,3,1,303.36,-0.9659258262890684,-0.2588190451025206,0.0,208.0,303.36,13.0,1.4530769230769232,0.3262765855166598,0.85,1.95,1.25,748.1538461538462,3
15854.0,28,1,230.1,0.258819045102521,-0.9659258262890682,0.0,92.0,230.1,15.0,3.963333333333333,1.8314189138739496,0.85,5.95,4.65,799.1333333333333,2
15856.0,17,3,3281.31,-0.4973094099299792,-0.7774837949284227,0.0,442.6666666666667,1093.77,17.666666666666668,3.098513227513228,2.0482195222374537,0.42,10.95,2.55,690.2264150943396,1
15858.0,34,1,383.93,-0.4999999999999998,-0.8660254037844388,0.0,199.0,383.93,44.0,3.3095454545454546,3.5228833028256403,0.42,12.75,1.95,235.04545454545453,6
15860.0,35,1,102.66,0.258819045102521,-0.9659258262890682,0.0,72.0,102.66,14.0,2.5006666666666666,1.947417581849162,0.21,8.5,2.1,662.6,2
15862.0,40,1,354.23,0.258819045102521,-0.9659258262890682,0.0,124.0,354.23,64.0,3.235,2.9519275381479453,0.55,16.95,2.55,303.171875,6
15867.0,20,3,557.22,-0.6388556828409804,-0.7594776909063075,0.3295454545454545,84.0,185.74,29.0,3.5066372627639666,2.560628953548615,0.21,19.95,2.1,414.29545454545456,4
15880.0,36,1,343.28000000000003,-0.2588190451025208,-0.9659258262890684,1.0,211.0,343.28000000000003,95.0,2.170190476190476,2.0548156294573654,0.29,16.95,1.65,494.2,0
15881.0,28,2,155.25,-0.0691142838268906,-0.9409507206629107,0.0,51.5,77.625,2.0,2.2583333333333333,3.753775876811685,0.85,7.95,1.525,1923.75,2
15882.0,35,2,371.3200000000001,-0.2588190451025208,-0.9659258262890684,0.0,82.0,185.66,8.0,2.062857142857143,0.7980570499313034,0.19,4.95,2.1,381.0625,3
15889.0,35,1,297.92,-0.7071067811865471,-0.7071067811865479,1.0,149.0,297.92,57.0,2.9484848484848483,3.216030636298892,0.42,21.95,2.1,214.96969696969697,0
15894.0,36,1,156.74,-0.4999999999999997,-0.8660254037844388,1.0,115.0,156.74,32.0,1.9965789473684208,1.7281004667925393,0.29,7.95,1.25,625.078947368421,0
15898.0,34,2,521.69,0.2183785693052521,-0.9659258262890682,0.0,115.0,260.845,30.0,4.908898305084746,2.4596037935695976,0.42,15.95,2.325,286.671875,2
15899.0,35,1,56.25,0.4999999999999999,-0.8660254037844387,0.0,39.0,56.25,4.0,4.125,5.7592678932887535,0.85,12.75,1.45,55.0,2
15916.0,33,2,232.45,-0.2588190451025208,-0.9659258262890684,0.0,32.5,116.225,6.5,6.375,1.913471975232457,0.85,12.75,3.75,419.61538461538464,2
15919.0,35,1,270.72,0.258819045102521,-0.9659258262890682,0.0,242.0,270.72,38.0,2.9171428571428573,2.655765740171121,0.42,12.75,2.1,336.44897959183675,6
15922.0,40,1,369.5,-0.2588190451025208,-0.9659258262890682,0.0,138.0,369.5,11.0,4.409090909090909,3.401971353628524,1.25,12.75,2.95,253.0,2
15923.0,39,1,127.08,1.2246467991473532e-16,-1.0,0.0,122.0,127.08,21.0,2.814761904761905,2.6378828993107697,0.21,9.95,1.95,133.38095238095238,2
15945.0,32,1,181.0,-0.2588190451025208,-0.9659258262890684,0.0,52.0,181.0,2.0,2.75,2.6870057685088806,0.85,4.65,2.75,43.5,2
15950.0,26,1,428.8200000000001,0.258819045102521,-0.9659258262890682,0.0,135.0,428.8200000000001,28.0,3.403103448275862,1.7086316652478628,0.85,8.5,3.75,619.3103448275862,2
15953.0,35,1,209.84,-0.7071067811865471,-0.7071067811865479,1.0,101.0,209.84,15.0,2.533125,1.87620439096242,0.85,8.5,1.895,801.875,0
15955.0,39,1,572.38,0.258819045102521,-0.965925826289068,0.0,246.0,572.38,20.0,2.9455,1.9593459569324068,1.06,7.95,2.1,535.0,2
15965.0,34,1,156.19,-0.2588190451025208,-0.9659258262890684,0.0,74.0,156.19,16.0,2.50125,1.8650536185321855,0.42,8.5,2.025,1082.4375,3
15973.0,33,1,307.82000000000005,0.258819045102521,-0.9659258262890682,0.0,106.0,307.82000000000005,4.0,4.4275,4.574570107306988,1.06,10.95,2.85,567.75,2
15983.0,27,3,1148.27,0.1481481481481482,-0.9603038233435374,0.0,233.33333333333331,382.75666666666666,25.666666666666668,2.133359722222222,1.618319414536609,0.42,9.95,1.65,393.7160493827161,1
15984.0,5,2,230.59,-0.2588190451025208,-0.9659258262890684,0.0,56.0,115.295,8.0,2.530416666666667,1.2030506975061757,0.85,8.5,2.1,1087.4117647058824,3
15987.0,35,1,113.48,0.8660254037844387,-0.4999999999999998,0.0,86.0,113.48,9.0,2.575555555555556,1.9765507273474612,0.42,5.95,2.1,82.77777777777777,2
15996.0,32,1,263.25,-0.7071067811865471,-0.7071067811865479,0.0,95.0,263.25,31.0,3.7246875,2.5910241895448314,0.85,9.95,2.95,189.1875,4
15998.0,29,1,863.39,-0.2588190451025208,-0.9659258262890684,1.0,466.0,863.39,118.0,2.606271186440678,2.35546166437178,0.21,12.75,1.67,432.0847457627119,6
16003.0,26,1,1181.0,1.2246467991473532e-16,-1.0,0.0,184.0,1181.0,20.0,16.957,37.174546201173165,0.42,125.0,2.95,416.6,2
16010.0,29,1,110.1,1.2246467991473532e-16,-1.0,1.0,46.0,110.1,24.0,2.704166666666667,1.3943922368347177,0.65,5.95,2.95,609.6666666666666,0
16011.0,29,2,406.1,-0.5927825423775754,-0.709666621830081,0.45,114.0,203.05,19.0,2.2738636363636364,1.2494837017697882,0.65,4.95,1.95,455.05,3
16013.0,3,7,4408.1,0.282842712474619,-0.86239820824806,0.0,267.1428571428572,629.7285714285715,1.4285714285714286,3.2864285714285715,2.364093671767024,0.72,10.95,2.75,1867.0,1
16016.0,33,1,382.27,1.2246467991473532e-16,-1.0,0.0,146.0,382.27,59.0,3.045507246376812,2.112822572818509,0.29,9.95,2.25,503.0144927536232,6
16019.0,3,2,723.35,0.34,-0.9088972745734184,0.0,125.0,361.675,12.5,4.325477941176471,2.742943882764028,0.42,10.95,2.95,651.64,1
16029.0,6,7,13202.52,0.3495252090676845,-0.7569261918751607,0.0,1140.0,1886.0742857142852,4.571428571428571,2.669506493506493,1.259818811504561,0.94,4.95,1.65,1122.0,1
16033.0,5,3,790.83,0.0816407893237586,-0.9582752646251284,0.2626262626262626,78.33333333333333,263.61,32.333333333333336,3.784804068575998,2.297604872098676,0.85,12.75,3.75,292.67676767676767,1
16037.0,25,1,300.46,0.4999999999999999,-0.8660254037844387,0.0,160.0,300.46,15.0,2.5626666666666664,2.2837577638203057,0.29,9.95,2.1,352.3333333333333,2
16048.0,39,2,256.44,-0.7071067811865471,-0.7071067811865479,0.0,72.0,128.22000000000003,4.0,1.1064285714285715,0.3888321954140066,0.42,2.1,1.775,753.25,3
16059.0,34,1,118.25,0.5,-0.8660254037844387,0.0,51.0,118.25,18.0,2.4027777777777777,1.1024667825090912,1.25,4.65,2.1,808.7222222222222,3
16062.0,31,1,247.56,1.2246467991473532e-16,-1.0,0.0,124.0,247.56,7.0,3.08,4.373865567207113,0.42,12.75,1.49,1161.0,2
16065.0,32,1,372.09,-0.2588190451025208,-0.9659258262890684,0.0,231.0,372.09,71.0,1.8732432432432435,1.4307657764796795,0.21,8.5,1.65,586.2297297297297,6
16081.0,33,1,157.6,0.258819045102521,-0.9659258262890682,0.0,53.0,157.6,21.0,3.5295454545454548,2.3171544069082977,0.85,9.95,2.95,411.04545454545456,2
16083.0,27,1,337.98,0.258819045102521,-0.9659258262890684,0.0,384.0,337.98,17.0,1.035294117647059,0.6260902255971063,0.19,1.95,1.25,560.7647058823529,3
16086.0,34,1,177.26,-0.2588190451025208,-0.9659258262890684,0.0,76.0,177.26,8.0,3.3425,2.320410985764622,1.25,8.5,2.925,662.75,2
16098.0,40,1,430.6,0.7071067811865476,-0.7071067811865475,0.0,134.0,430.6,12.0,5.970833333333334,5.983365514389696,0.85,16.95,3.35,279.3333333333333,2
16112.0,5,1,72.0,0.258819045102521,-0.9659258262890682,0.0,192.0,72.0,2.0,0.39,0.0424264068711928,0.36,0.42,0.39,315.0,3
16122.0,33,1,105.72,0.258819045102521,-0.965925826289068,0.0,118.0,105.72,10.0,1.7739999999999998,1.5241842991507877,0.14,3.75,1.6,284.7,3
16125.0,33,1,289.35,-0.7071067811865471,-0.7071067811865479,0.0,124.0,289.35,13.0,3.209230769230769,2.020670109717985,0.42,7.95,2.95,1124.3076923076924,4
16134.0,26,1,283.53000000000003,-0.4999999999999997,-0.8660254037844388,0.0,158.0,283.53000000000003,16.0,2.31625,1.7560329343912282,0.42,7.95,2.025,411.0625,3
16140.0,37,1,124.14,-0.4999999999999997,-0.8660254037844387,0.0,104.0,124.14,7.0,1.7100000000000002,1.264265267523658,0.42,3.75,1.25,941.2857142857144,3
16143.0,21,2,811.35,-0.419026240703139,-0.8264336481105469,0.5925925925925926,113.5,405.675,13.5,8.904176136363636,19.215640844559054,0.42,125.0,2.95,458.7037037037037,2
16145.0,5,2,668.84,0.6035533905932738,-0.786566092485493,0.0,254.0,334.42,17.0,2.179411764705882,2.1626723439159155,0.19,9.95,1.95,349.0,1
16150.0,38,1,393.42,-1.0,-1.8369701987210294e-16,0.0,174.0,393.42,22.0,3.338181818181818,2.755838194786507,0.85,9.95,1.82,532.3636363636364,4
16153.0,21,1,215.01,0.7071067811865476,-0.7071067811865475,0.0,75.0,215.01,10.0,4.194,2.8029000854273933,1.45,10.95,3.35,502.0,2
16161.0,26,3,576.3,-0.4459378331810758,-0.6211841301223751,0.0,86.0,192.1,20.33333333333333,3.4063636363636363,2.919109358791264,0.85,12.75,2.1,567.1290322580645,4
16163.0,31,1,441.6,-0.8660254037844384,-0.5000000000000004,0.0,92.0,441.6,5.0,4.92,2.587856255668,1.45,8.5,5.45,489.4,4
16168.0,36,1,275.8,0.258819045102521,-0.9659258262890682,1.0,124.0,275.8,3.0,4.666666666666667,2.2227985363800595,2.1,5.95,5.95,654.0,0
16186.0,38,1,307.68,-0.4999999999999997,-0.8660254037844389,0.0,231.0,307.68,20.0,1.923,1.7004739277470171,0.42,5.95,1.35,536.95,3
16191.0,3,4,1475.22,0.0787710137268543,-0.9866666276783312,0.0,274.5,368.805,5.75,1.745,0.8553168276443547,0.65,4.25,2.1,566.9565217391304,1
16202.0,27,1,365.27,0.5,-0.8660254037844387,0.0,191.0,365.27,18.0,3.4850000000000003,3.442694310804701,0.21,12.75,1.25,481.55555555555554,2
16203.0,38,1,170.7,-0.7071067811865471,-0.7071067811865479,0.0,70.0,170.7,11.0,3.077272727272728,1.2720777563426766,0.85,4.25,3.75,433.0,4
16210.0,25,4,7000.64,0.1105310860337032,-0.9206480324055588,0.0,737.5,1750.16,9.25,2.2750595238095235,1.7489378006589271,0.42,10.95,2.1,704.1351351351351,1
16218.0,40,1,471.3,0.258819045102521,-0.9659258262890684,0.0,438.0,471.3,28.0,1.1696428571428572,0.4051381304714538,0.55,2.1,1.25,671.0357142857143,3
16221.0,34,1,166.74,-0.2588190451025208,-0.9659258262890684,0.0,52.0,166.74,12.0,2.9891666666666663,3.27500855885997,0.42,12.75,2.2,978.5,2
16233.0,33,1,147.39999999999998,1.2246467991473532e-16,-1.0,0.0,12.0,147.39999999999998,2.0,12.95,2.8284271247461903,10.95,14.95,12.95,114.5,5
16241.0,5,2,438.03,-0.5166425337492662,-0.7581415224743688,0.1971830985915492,84.0,219.015,35.0,3.1534273182957397,2.2594296136044685,0.42,9.95,2.1,664.6338028169014,1
16244.0,39,1,1056.63,0.258819045102521,-0.9659258262890682,0.0,619.0,1056.63,63.0,2.6331746031746035,1.836233720274636,0.55,7.95,1.95,277.04761904761904,6
16250.0,40,1,226.14,0.7071067811865476,-0.7071067811865474,0.0,108.0,226.14,14.0,3.376428571428572,2.528683473645943,0.42,7.95,2.3,374.3571428571428,2
16255.0,6,2,673.85,-0.0700025411085713,-0.9226356432037288,0.0,178.0,336.925,30.0,4.217115384615385,4.457209656456046,0.42,24.95,2.75,589.35,1
16265.0,31,2,840.81,0.5,-0.8660254037844388,0.0,184.5,420.405,19.0,3.537395833333333,3.05653347424991,0.42,9.95,2.325,253.8421052631579,2
16270.0,20,1,1141.24,-0.4999999999999997,-0.8660254037844388,0.0,688.0,1141.24,54.0,3.222777777777778,3.7946130718137616,0.42,16.95,1.69,211.46296296296296,6
16271.0,24,1,133.22,-0.8660254037844384,-0.5000000000000004,0.0,128.0,133.22,16.0,1.54,0.9649870465451856,0.19,3.75,1.35,975.6875,3
16274.0,39,1,357.95,-0.7071067811865471,-0.7071067811865479,0.0,155.0,357.95,64.0,4.277611940298508,5.182513164055914,0.29,29.95,2.55,239.6865671641791,6
16282.0,6,1,168.3,0.258819045102521,-0.9659258262890682,0.0,114.0,168.3,11.0,2.731818181818182,2.3042648206394083,0.65,7.95,2.95,900.4545454545455,2
16293.0,33,1,378.75,-0.7071067811865471,-0.7071067811865479,0.0,189.0,378.75,16.0,3.40625,3.516289474242225,0.85,12.75,2.1,642.5,4
16306.0,3,2,243.25,-0.9314166202753988,-0.3185907432470575,0.0,89.5,121.625,7.5,1.900384615384616,1.3481196909479638,0.21,5.95,1.25,242.9333333333333,4
16316.0,25,1,308.22,-0.4999999999999997,-0.8660254037844389,0.0,230.0,308.22,20.0,2.2195,2.793282308079794,0.21,8.5,1.05,432.4,6
16326.0,1,1,267.2,1.2246467991473532e-16,-1.0,1.0,66.0,267.2,28.0,4.791666666666667,6.718875667095281,1.25,35.95,2.025,258.1666666666667,0
16327.0,36,1,535.6,1.2246467991473532e-16,-1.0,1.0,392.0,535.6,66.0,1.763787878787879,1.1292948993495762,0.42,7.95,1.5499999999999998,500.6212121212121,0
16353.0,5,5,612.0,-0.151763809020504,-0.9663902460147014,0.2,28.8,122.4,1.0,4.25,0.0,4.25,4.25,4.25,2402.0,1
16365.0,26,2,368.46,-0.8993649939620585,-0.3455628106285089,0.0,68.5,184.23,3.5,6.438333333333333,3.1641533886122946,1.06,9.95,6.75,126.14285714285714,4
16367.0,29,1,170.91,1.2246467991473532e-16,-1.0,1.0,91.0,170.91,33.0,2.768108108108108,2.2242649695246866,0.29,7.95,1.65,358.3783783783784,0
16385.0,33,1,148.23000000000002,1.2246467991473532e-16,-1.0,0.0,70.0,148.23000000000002,19.0,2.2166666666666663,2.526116254912535,0.19,9.95,1.95,282.7142857142857,2
16393.0,29,2,291.55,1.1102230246251563e-16,-0.9659258262890684,1.0,68.5,145.775,10.0,2.2175,0.9336045780652098,0.95,5.95,2.1,762.65,0
16402.0,36,1,211.8,-0.2588190451025208,-0.9659258262890684,1.0,105.0,211.8,53.0,2.6271929824561404,2.307829650176891,0.85,12.75,2.1,311.3333333333333,0
16411.0,36,1,131.5,-0.2588190451025208,-0.9659258262890684,1.0,70.0,131.5,19.0,2.2785714285714285,1.6106343027338197,0.55,6.95,1.65,724.3809523809524,0
16422.0,3,4,2432.09,-0.4922648627187068,-0.677596751298314,0.4642857142857143,649.75,608.0225,7.0,1.6875320512820513,1.4525258062766282,0.16,5.95,1.06,455.0,1
16442.0,27,1,151.66,0.4999999999999999,-0.8660254037844387,0.0,63.0,151.66,44.0,2.5310869565217398,1.8198610792656909,0.65,9.95,1.67,327.1521739130435,2
16455.0,27,3,531.98,-0.9026555587028028,-0.4115669832042579,0.0,100.66666666666669,177.32666666666668,10.0,2.01076923076923,0.9619227730332428,0.29,4.95,1.35,449.73333333333335,4
16456.0,40,1,787.4,-0.4999999999999997,-0.8660254037844388,0.0,392.0,787.4,16.0,1.965625,0.2930976799635236,1.65,2.95,1.95,1171.8125,3
16458.0,27,1,193.9,0.258819045102521,-0.965925826289068,0.0,86.0,193.9,10.0,2.58,1.3174470261329931,0.85,4.95,1.95,1549.8,3
16470.0,25,1,216.34,0.258819045102521,-0.9659258262890682,0.0,99.0,216.34,39.0,2.5648717948717947,1.7200564124697404,0.18,6.35,2.1,290.87179487179486,2
16473.0,3,1,149.41,0.4999999999999999,-0.8660254037844387,0.0,79.0,149.41,8.0,3.7425,3.527000951840772,0.85,9.95,1.895,108.375,2
16477.0,19,2,544.4,-0.1490170259681179,-0.9803815363482514,0.0,159.0,272.2,16.5,2.373684210526316,1.6564772404474324,0.65,5.95,1.65,719.1818181818181,3
16499.0,27,2,365.45,0.1405593996882795,-0.9133466565497896,0.0,63.5,182.725,9.5,4.284722222222222,3.6569199211179626,0.85,12.75,3.75,661.421052631579,2
16503.0,27,1,488.09,-0.2588190451025208,-0.9659258262890684,0.0,219.0,488.09,30.0,3.1546666666666665,2.466461563389578,0.42,9.95,2.325,347.1,6
16510.0,39,1,248.1,-0.2588190451025208,-0.9659258262890684,0.0,92.0,248.1,13.0,5.346153846153846,3.954768300127368,1.25,12.75,4.95,368.5384615384616,2
16519.0,32,1,103.7,-0.4999999999999997,-0.8660254037844389,0.0,24.0,103.7,5.0,6.12,4.74784161488144,0.85,12.75,5.95,75.8,5
16520.0,32,1,325.76,-0.2588190451025208,-0.9659258262890684,0.0,217.0,325.76,60.0,2.248,1.5930525010766097,0.42,7.95,1.95,459.8333333333333,6
16525.0,25,2,802.44,0.4756784589174916,-0.7995237454715438,0.0,147.0,401.22,7.0,4.394555555555556,2.609696609481187,0.64,8.5,2.97,790.6428571428571,2
16531.0,27,1,92.82,-0.2588190451025208,-0.9659258262890684,0.0,74.0,92.82,6.0,2.09,1.5833003505336567,0.42,3.75,2.1,872.6666666666666,3
16532.0,5,1,1910.4,1.2246467991473532e-16,-1.0,0.0,480.0,1910.4,1.0,3.98,0.0,3.98,3.98,3.98,2402.0,1
16539.0,24,2,747.25,-0.7547823679659145,-0.6449747468305838,0.0,177.5,373.625,15.0,3.9563492063492074,2.0575478614591383,0.85,7.95,2.25,282.4,4
16546.0,39,1,299.40000000000003,1.2246467991473532e-16,-1.0,0.0,156.0,299.40000000000003,6.0,1.8416666666666668,0.6938419608719746,0.55,2.55,2.1,949.3333333333334,3
16549.0,1,1,119.49,-0.4999999999999996,-0.8660254037844388,1.0,56.0,119.49,33.0,2.275151515151515,2.132985175188931,0.42,9.95,1.65,545.8181818181819,0
16550.0,35,1,554.66,-0.2588190451025208,-0.9659258262890684,0.0,257.0,554.66,48.0,2.7727083333333336,2.584801518848976,0.55,12.75,2.1,341.8541666666667,6
16551.0,3,1,311.07,0.4999999999999999,-0.8660254037844388,0.0,281.0,311.07,11.0,2.62,2.924517054147573,0.42,9.95,1.25,324.09090909090907,2
16552.0,40,1,95.29,1.2246467991473532e-16,-1.0,0.0,39.0,95.29,5.0,4.638,4.790377855660241,0.85,12.75,2.95,1835.8,2
16553.0,27,2,1609.44,-0.2588190451025208,-0.9659258262890684,0.0,534.0,804.72,8.5,2.2177272727272728,1.283320784433333,0.42,4.25,2.1,573.1176470588235,1
16556.0,27,1,310.85,-0.2588190451025208,-0.9659258262890684,0.0,187.0,310.85,16.0,2.8375,2.38491788817421,0.55,7.95,2.75,1148.3125,2
16558.0,23,2,880.5500000000001,-0.2525381361380525,-0.8953952789951958,0.0,201.0,440.275,21.0,3.422407407407407,2.8064402832796054,0.42,12.75,2.55,736.6428571428571,1
16560.0,25,1,332.18,-0.4999999999999997,-0.8660254037844388,0.0,173.0,332.18,21.0,4.081428571428571,3.869252234882453,0.0,12.75,2.95,408.04761904761904,2
16565.0,30,1,173.7,-0.7071067811865471,-0.7071067811865479,0.0,46.0,173.7,3.0,5.116666666666667,1.4433756729740643,3.45,5.95,5.95,301.3333333333333,5
16567.0,3,1,557.5600000000001,0.7071067811865477,-0.7071067811865475,0.0,476.0,557.5600000000001,26.0,2.4180769230769235,2.392406352158043,0.38,7.95,1.25,215.30769230769232,6
16583.0,40,1,233.45,1.2246467991473532e-16,-1.0,0.0,111.0,233.45,14.0,2.564285714285714,1.1941248117069112,1.25,4.95,2.55,297.5,3
16596.0,32,1,120.65,-0.8660254037844384,-0.5000000000000004,0.0,47.0,120.65,6.0,4.2,3.1481740739673207,0.65,9.95,3.35,436.8333333333333,4
16600.0,5,1,125.86,1.2246467991473532e-16,-1.0,0.0,182.0,125.86,9.0,0.9133333333333334,0.5792236183029833,0.19,1.95,0.85,749.6666666666666,3
16607.0,23,2,654.8199999999999,0.6693838806630654,-0.5258883476483183,0.0,57.5,327.41,4.0,84.38,110.79280451966788,0.42,295.0,2.325,234.0,2
16634.0,38,1,164.8,-0.9659258262890684,-0.2588190451025206,0.0,64.0,164.8,8.0,4.699999999999999,4.251050290390432,1.25,12.75,3.1,260.5,4
16638.0,26,2,70.80000000000001,0.3333333333333333,-0.9106836025229592,0.0,24.0,35.400000000000006,1.5,1.475,0.0,0.85,2.1,2.1,1788.0,3
16654.0,34,1,227.4,-0.7071067811865471,-0.7071067811865479,0.0,63.0,227.4,9.0,5.699999999999999,5.080046751753373,1.25,16.95,4.25,328.8888888888889,4
16656.0,6,2,739.04,0.3794095225512605,-0.9159756150367536,0.0,292.0,369.52,4.0,2.62625,2.1118467447488305,0.72,8.5,1.65,391.875,1
16658.0,35,1,123.24,-0.2588190451025208,-0.9659258262890684,0.0,40.0,123.24,8.0,3.02125,2.6648582781936345,0.42,7.95,1.9,329.75,2
16665.0,29,1,135.39999999999998,-0.4999999999999997,-0.8660254037844388,1.0,59.0,135.39999999999998,9.0,5.388888888888889,4.063386655378873,1.25,12.75,3.75,137.66666666666666,0
16670.0,25,1,403.61,0.4999999999999999,-0.8660254037844387,0.0,256.0,403.61,29.0,3.1703448275862067,2.8838100823620487,0.42,10.95,1.95,403.7586206896552,6
16676.0,4,1,464.82,-0.2588190451025208,-0.9659258262890684,0.0,204.0,464.82,29.0,4.222758620689655,3.270402876614662,0.42,12.75,4.25,249.68965517241375,6
16679.0,33,1,129.75,-0.2588190451025208,-0.9659258262890684,0.0,29.0,129.75,3.0,6.916666666666667,5.057996968497839,3.75,12.75,4.25,806.0,5
16684.0,21,4,3113.4,-0.1814474057825333,-0.6667258645115043,0.5217391304347826,337.0,778.35,5.75,3.7953125,3.91810689708782,1.06,12.75,2.1,568.2173913043479,1
16686.0,21,1,364.98,-0.4999999999999998,-0.8660254037844389,1.0,319.0,364.98,79.0,2.4166279069767445,2.0648774984117906,0.29,10.65,2.1,426.5581395348837,0
16700.0,32,1,336.94,-0.8660254037844384,-0.5000000000000004,0.0,238.0,336.94,14.0,1.887142857142857,1.5360660471148049,0.29,5.95,1.5499999999999998,1216.2857142857142,3
16701.0,28,1,476.76,0.258819045102521,-0.9659258262890682,0.0,366.0,476.76,11.0,2.1754545454545453,1.9911371807907337,0.42,6.75,1.25,539.1818181818181,3
16705.0,25,2,1131.72,0.4999999999999999,-0.8660254037844387,0.0,364.0,565.86,7.5,3.041666666666667,2.090191207280961,0.65,7.65,2.55,733.4,1
16710.0,27,2,524.97,-0.313486728212616,-0.9432817305213522,0.0,124.5,262.485,35.0,2.7943103448275863,2.150166189767905,0.12,12.75,1.95,507.06666666666666,6
16711.0,24,1,214.2,1.2246467991473532e-16,-1.0,0.0,36.0,214.2,1.0,5.95,0.0,5.95,5.95,5.95,278.0,5
16713.0,21,2,758.54,-0.1507683757878761,-0.9801509667703312,0.0,150.0,379.27,51.5,3.477736434108527,2.1968172284223746,0.42,9.95,3.25,400.71844660194176,6
16717.0,32,1,307.25,-0.8660254037844385,-0.5000000000000004,0.0,75.0,307.25,15.0,4.71,1.9984994370777287,2.95,9.95,4.25,663.3333333333334,4
16718.0,36,1,623.75,-0.2588190451025208,-0.9659258262890684,1.0,413.0,623.75,41.0,2.336888888888889,2.08244264596588,0.42,8.5,1.65,275.9555555555556,0
16719.0,5,2,583.18,0.069018412027339,-0.9909135536770848,0.0,147.0,291.59000000000003,30.0,3.9082102272727273,2.9454369701405048,0.21,12.75,3.75,540.1833333333333,1
16722.0,32,2,799.52,-0.4311626714552116,-0.8214065738942364,0.0,297.0,399.76,20.5,1.5749749999999998,0.9105019599187946,0.21,3.75,1.25,298.6829268292683,3
16725.0,5,4,439.5,-0.8366600061304802,-0.5382697313062103,0.0,40.25,109.875,21.0,3.146547298919568,2.349994211383568,0.21,16.95,2.95,425.2173913043478,4
16726.0,28,1,129.57,-0.2588190451025208,-0.9659258262890684,0.0,57.0,129.57,20.0,2.271,1.2218962829617697,0.42,4.95,2.1,896.45,3
16727.0,31,1,272.82,-0.2588190451025208,-0.9659258262890684,0.0,177.0,272.82,41.0,1.663695652173913,0.9251314830171792,0.29,4.25,1.45,592.3695652173913,3
16735.0,1,1,660.36,1.2246467991473532e-16,-1.0,1.0,385.0,660.36,33.0,2.9065957446808515,2.351798827350955,0.21,12.75,2.1,588.2340425531914,0
16743.0,25,1,430.28,1.2246467991473532e-16,-1.0,0.0,338.0,430.28,30.0,1.6566666666666667,0.6013567036771698,0.42,2.95,1.67,571.8,3
16746.0,25,1,311.64,0.258819045102521,-0.9659258262890682,0.0,236.0,311.64,11.0,2.148181818181818,1.7078923747228232,0.21,4.95,1.95,575.3636363636364,3
16748.0,1,1,479.0,-0.2588190451025208,-0.9659258262890684,1.0,260.0,479.0,15.0,1.8566666666666665,0.2890048607269599,0.85,1.95,1.95,854.9333333333333,0
16752.0,39,1,207.5,1.2246467991473532e-16,-1.0,0.0,54.0,207.5,9.0,13.594444444444443,25.421785003767493,0.85,79.95,2.95,235.44444444444449,2
16754.0,38,1,2002.4,-0.9659258262890684,-0.2588190451025206,0.0,4280.0,2002.4,2.0,0.62,0.6222539674441618,0.18,1.06,0.62,4098.5,3
16770.0,24,2,262.20000000000005,-0.7071067811865471,-0.7071067811865479,0.0,60.0,131.10000000000002,6.0,2.6208333333333336,0.926132323901048,0.85,3.75,2.5250000000000004,1172.75,3
16771.0,5,1,296.66,-0.2588190451025208,-0.9659258262890684,0.0,303.0,296.66,34.0,2.379117647058824,2.227326659101851,0.42,5.95,1.35,275.29411764705884,6
16775.0,33,1,231.9,-0.7071067811865471,-0.7071067811865479,0.0,62.0,231.9,18.0,4.208333333333333,1.702096458177731,1.25,7.95,3.85,454.6111111111111,4
16779.0,3,3,1122.78,0.1223838659745948,-0.9493069428976716,0.5192307692307693,174.33333333333334,374.2600000000001,17.0,3.0133564814814817,2.3105831779245887,0.42,12.75,2.1,400.9038461538461,1
16781.0,39,1,311.25,-0.4999999999999996,-0.8660254037844388,0.0,113.0,311.25,17.0,5.008823529411765,3.7148450209143,0.85,14.95,3.75,206.4705882352941,2
16782.0,26,2,577.99,0.258819045102521,-0.9659258262890682,0.0,76.0,288.995,44.0,3.054555555555556,2.317818430176442,0.85,12.75,2.55,544.0842105263158,2
16795.0,32,1,414.88,-0.4999999999999998,-0.8660254037844388,0.0,239.0,414.88,64.0,2.2053030303030305,2.063334284186246,0.42,12.75,1.65,380.8636363636364,6
16805.0,27,1,214.77,-0.2588190451025208,-0.9659258262890684,0.0,270.0,214.77,55.0,1.4207272727272728,0.8026895865716538,0.14,4.65,1.25,235.47272727272727,3
16812.0,27,1,479.35,1.2246467991473532e-16,-1.0,0.0,81.0,479.35,15.0,5.533333333333333,3.505692649446176,0.85,14.95,4.65,571.3333333333334,2
16814.0,5,2,917.42,-0.1923706573908696,-0.9065255750700996,0.4054054054054054,153.0,458.71,18.5,3.8356515151515143,2.652616768478768,0.85,12.75,2.95,549.6216216216217,1
16816.0,24,1,75.78,-0.9659258262890684,-0.2588190451025206,0.0,48.0,75.78,5.0,1.7280000000000002,0.5761249864395745,1.25,2.55,1.49,687.6,3
16817.0,26,2,367.3,-0.0976310729378173,-0.8130525295851416,0.0,111.0,183.65,7.5,3.31,2.6344681690141263,0.85,9.95,1.25,1012.4,2
16833.0,1,1,309.48,-0.2588190451025208,-0.9659258262890684,1.0,160.0,309.48,18.0,2.8844444444444446,2.2650937449038646,0.42,8.5,2.025,956.8888888888888,0
16835.0,39,1,81.75,-0.9659258262890684,-0.2588190451025206,0.0,19.0,81.75,5.0,5.340000000000001,2.5885324027332555,2.1,7.95,4.95,123.0,5
16839.0,3,2,979.71,0.5670168636602892,-0.7879877327810851,0.3125,280.5,489.855,8.0,3.307454545454545,3.043506523990625,0.42,10.95,2.55,690.9375,1
16858.0,35,1,375.69000000000005,0.7071067811865476,-0.7071067811865475,0.0,91.0,375.69000000000005,9.0,5.349,2.18286483523119,2.1,7.95,5.85,153.3,5
16863.0,33,1,164.25,0.8660254037844387,-0.4999999999999998,0.0,105.0,164.25,9.0,1.5611111111111111,0.8298259523003068,0.85,2.95,1.45,826.8888888888889,3
16873.0,30,1,2157.64,-0.7071067811865471,-0.7071067811865479,0.0,1040.0,2157.64,68.0,5.590882352941176,21.046793334320416,0.29,175.0,1.95,508.3235294117647,6
16875.0,6,1,368.8,0.4999999999999999,-0.8660254037844388,0.0,140.0,368.8,22.0,5.968181818181818,5.144218795209532,0.85,16.95,5.45,369.9090909090909,2
16883.0,38,1,128.03,0.5,-0.8660254037844387,0.0,54.0,128.03,17.0,3.6611764705882353,4.765605788293002,1.25,19.95,1.49,492.4117647058824,2
16885.0,23,1,190.65,-0.9659258262890684,-0.2588190451025206,0.0,37.0,190.65,27.0,5.473333333333333,3.103105600493816,1.25,11.95,4.25,147.83333333333334,4
16889.0,3,1,523.05,0.4999999999999999,-0.8660254037844387,0.0,365.0,523.05,47.0,2.8395833333333336,2.850072009790788,0.42,12.75,1.65,438.2708333333333,6
16891.0,38,1,232.26,0.258819045102521,-0.9659258262890682,0.0,92.0,232.26,63.0,2.7514492753623188,1.840666659410564,0.42,9.95,2.1,363.28985507246375,6
16893.0,33,1,145.93,1.2246467991473532e-16,-1.0,0.0,62.0,145.93,44.0,2.597111111111112,1.985881556275589,0.65,9.95,1.95,476.06666666666666,2
16898.0,35,1,116.08,1.2246467991473532e-16,-1.0,0.0,98.0,116.08,29.0,2.2528125,2.4625835297770164,0.18,10.95,1.25,261.40625,2
16899.0,27,1,170.55,-0.2588190451025208,-0.9659258262890684,0.0,75.0,170.55,16.0,2.4625,2.322032155964541,0.65,7.95,1.65,534.4375,2
16904.0,34,2,338.70000000000005,-0.2588190451025208,-0.9659258262890684,0.0,69.5,169.35,15.5,5.358333333333333,1.1173655387233117,0.85,7.95,2.1,775.2903225806451,2
16905.0,38,1,254.4,0.4999999999999999,-0.8660254037844387,0.0,108.0,254.4,10.0,3.947,2.796144369186494,0.42,8.5,3.2,493.0,2
16907.0,31,1,182.02,-0.8660254037844384,-0.5000000000000004,0.0,68.0,182.02,33.0,2.6629411764705884,1.6003210462217865,0.55,7.95,2.1,256.7647058823529,4
16916.0,39,1,198.08,-0.2588190451025208,-0.9659258262890682,0.0,103.0,198.08,48.0,2.5418000000000003,2.01226107974617,0.42,9.95,1.67,392.94,6
16919.0,27,2,540.01,-0.3307692307692305,-0.9113706517343212,0.0,105.5,270.005,32.5,3.217019027484144,2.570856637168397,0.85,8.5,2.1,343.4,2
16923.0,1,2,915.7,0.3370398953395412,-0.9335256892605396,1.0,154.0,457.85,34.5,4.404625,3.3250523265272527,0.85,12.75,2.75,441.1351351351352,0
16926.0,38,1,230.25,-0.2588190451025208,-0.9659258262890684,0.0,35.0,230.25,14.0,6.978571428571429,2.100156980003957,1.45,8.5,7.95,100.64285714285714,5
16927.0,28,1,218.1,0.258819045102521,-0.9659258262890682,0.0,490.0,218.1,2.0,1.035,0.8697413408594534,0.42,1.65,1.035,283.5,3
16928.0,39,1,116.25,-0.7071067811865471,-0.7071067811865479,0.0,93.0,116.25,6.0,1.25,0.0,1.25,1.25,1.25,320.6666666666667,3
16931.0,24,2,364.66,0.0031952968531176,-0.9659258262890684,0.5061728395061729,91.0,182.33,40.0,2.3243201219512195,1.3762651539273767,0.42,9.95,2.1,427.7901234567901,0
16945.0,24,1,279.85,-0.9659258262890682,-0.2588190451025206,0.0,157.0,279.85,19.0,2.1605263157894736,1.3644879938570793,0.85,5.95,1.95,617.2631578947369,4
16950.0,33,1,172.0,-0.7071067811865471,-0.7071067811865479,0.0,32.0,172.0,3.0,7.816666666666666,6.407287517610968,2.55,14.95,5.95,73.66666666666667,5
16954.0,26,1,346.79999999999995,0.4999999999999999,-0.8660254037844387,0.0,194.0,346.79999999999995,12.0,3.6916666666666655,4.137677946370257,0.55,12.75,1.95,441.6666666666667,2
16955.0,2,3,354.98,-0.4473179013405001,-0.8212289740674155,0.0,64.66666666666667,118.32666666666668,5.0,3.630416666666666,4.138775933357044,0.85,16.95,1.69,177.66666666666666,1
16983.0,36,1,163.49,1.2246467991473532e-16,-1.0,1.0,107.0,163.49,9.0,2.4766666666666666,1.5582602478405203,0.42,4.95,2.95,345.77777777777777,0
16985.0,25,1,933.32,0.5,-0.8660254037844387,0.0,367.0,933.32,18.0,3.193888888888889,2.257948415210506,0.42,8.5,2.55,742.6111111111111,6
16996.0,19,2,127.54000000000002,-0.3708909791235273,-0.9012210650134382,0.0,23.0,63.77,2.0,3.74,0.7274613391789284,1.69,4.95,2.95,1058.75,3
17001.0,25,1,397.96,0.7071067811865476,-0.7071067811865475,0.0,260.0,397.96,12.0,2.388333333333333,2.114064733391505,0.21,7.95,1.95,1020.5833333333334,3
17007.0,24,2,207.12,-0.2588190451025208,-0.9659258262890684,0.0,52.0,103.56,6.0,3.4025,3.4715010708544867,0.85,12.75,2.25,464.25,2
17017.0,26,5,2357.64,0.0276847449969842,-0.8904099466255544,0.0,401.6,471.528,14.6,1.5971269841269842,0.918709172320684,0.29,4.25,1.45,1006.109589041096,1
17019.0,35,1,358.82,1.2246467991473532e-16,-1.0,0.0,223.0,358.82,48.0,2.1342857142857143,2.175935622515825,0.29,9.95,1.65,456.16326530612247,6
17025.0,39,2,160.97,-0.7071067811865471,-0.7071067811865479,0.0,69.5,80.485,2.5,3.46375,0.2510478042126637,0.65,5.95,1.06,712.8,3
17026.0,36,1,33.15,1.2246467991473532e-16,-1.0,1.0,25.0,33.15,3.0,4.816666666666666,6.8704682033565465,0.85,12.75,0.85,910.0,0
17033.0,26,1,307.8,-0.2588190451025208,-0.9659258262890684,0.0,124.0,307.8,8.0,3.35,2.8834503141697643,1.25,7.95,2.1,111.25,2
17041.0,27,1,304.5,0.258819045102521,-0.9659258262890684,0.0,190.0,304.5,17.0,2.6841176470588235,1.7578717914837012,0.42,4.95,2.95,497.2941176470589,2
17059.0,36,1,722.36,1.2246467991473532e-16,-1.0,1.0,471.0,722.36,115.0,2.133589743589744,2.085712258040925,0.42,12.75,1.65,537.5982905982906,6
17062.0,25,3,435.73,0.1294095225512605,-0.982962913144534,0.5,112.0,145.24333333333334,17.0,2.2944871794871795,1.9180123963500355,0.19,8.5,1.45,466.4807692307692,0
17068.0,24,2,297.45,-0.3600453080892364,-0.9074828161046282,0.0,59.0,148.72500000000002,15.5,3.476041666666667,2.5669119631708046,1.25,12.75,2.1,685.741935483871,2
17069.0,21,2,583.2,-0.0779338246780316,-0.7111685021833303,0.0,116.0,291.6,13.0,3.122727272727273,1.911981905364517,0.65,7.95,3.35,613.1538461538462,2
17076.0,31,1,151.5,0.4999999999999999,-0.8660254037844387,0.0,58.0,151.5,7.0,4.835714285714286,4.697314328929021,0.85,12.75,1.65,339.1428571428572,2
17085.0,21,2,740.44,0.0924353732509004,-0.9878306522460958,0.6428571428571429,182.0,370.22,41.5,2.5341851851851853,1.5440537740394134,0.85,9.95,2.1,563.5357142857143,0
17090.0,21,1,61.2,-0.2588190451025208,-0.9659258262890684,0.0,24.0,61.2,2.0,2.55,0.0,2.55,2.55,2.55,144.0,5
17091.0,34,1,293.45000000000005,0.7071067811865477,-0.7071067811865475,0.0,101.0,293.45000000000005,13.0,3.5,1.2308533625091171,2.1,4.95,3.75,838.3846153846154,2
17095.0,1,1,313.15,0.258819045102521,-0.9659258262890682,1.0,143.0,313.15,16.0,3.700625,2.9200627133676424,0.29,9.95,3.35,181.9375,0
17097.0,31,1,174.72,-0.4999999999999997,-0.8660254037844389,0.0,67.0,174.72,40.0,3.22425,4.890014360788519,0.42,29.95,1.7999999999999998,351.85,2
17114.0,1,1,142.24,0.258819045102521,-0.9659258262890682,1.0,82.0,142.24,28.0,3.462413793103448,2.4833325178253256,0.42,9.95,2.95,466.4827586206897,0
17126.0,29,1,212.6,0.258819045102521,-0.9659258262890682,1.0,88.0,212.6,50.0,2.558870967741936,2.2302966830789908,0.65,9.95,1.65,474.0806451612903,0
17128.0,1,1,157.09,1.2246467991473532e-16,-1.0,1.0,76.0,157.09,14.0,3.985,2.7970857086507843,0.85,8.5,2.95,865.7142857142857,0
17135.0,38,1,215.58,0.7071067811865476,-0.7071067811865475,0.0,222.0,215.58,9.0,1.21,0.6720677049226513,0.42,2.55,1.25,550.8888888888889,3
17146.0,25,1,298.25,1.2246467991473532e-16,-1.0,0.0,91.0,298.25,16.0,5.584375,3.3685169214359005,1.25,12.75,5.95,682.625,2
17158.0,27,1,413.79,-0.2588190451025208,-0.9659258262890682,0.0,251.0,413.79,25.0,2.9296,2.8161712779351094,0.65,8.5,1.25,774.08,6
17179.0,28,1,243.0,-0.4999999999999997,-0.8660254037844389,0.0,98.0,243.0,20.0,2.2275,1.0707197530043444,0.85,3.75,1.7999999999999998,394.8,3
17181.0,40,1,155.52,1.2246467991473532e-16,-1.0,0.0,216.0,155.52,2.0,0.805,0.3606244584051392,0.55,1.06,0.805,818.0,3
17188.0,6,2,902.36,1.2246467991473532e-16,-1.0,0.375,222.0,451.18,8.0,2.8931666666666667,3.5726372424836046,0.42,10.95,1.25,954.625,1
17189.0,25,1,227.22,-0.9659258262890682,-0.2588190451025206,0.0,103.0,227.22,36.0,2.469210526315789,2.3133366350173143,0.29,8.5,1.45,384.9736842105263,4
17191.0,34,3,510.11,-0.4999999999999997,-0.8660254037844388,0.0,106.66666666666669,170.03666666666666,23.666666666666668,2.593915151515152,2.4939328634089653,0.19,16.95,1.95,421.80555555555554,2
17194.0,27,1,252.62,1.2246467991473532e-16,-1.0,0.0,118.0,252.62,26.0,3.6942857142857135,4.420827330456855,0.21,20.0,2.45,292.7857142857143,2
17198.0,32,2,521.66,-0.4248267153566296,-0.8971631978118558,0.0,121.0,260.83,38.0,3.1298938679245287,3.1543979320341275,0.21,12.75,1.65,228.66233766233765,6
17211.0,20,3,779.71,0.006901841202734,-0.9809184627218784,0.7333333333333333,167.0,259.90333333333336,25.0,2.7719242424242423,1.950313566105508,0.29,7.95,1.95,569.24,0
17213.0,20,2,615.85,0.2397233168531274,-0.8323418030103479,0.0,108.5,307.925,15.5,3.887708333333333,2.2266445567853737,0.85,7.95,3.25,673.8064516129032,2
17214.0,25,1,171.05,-0.7071067811865471,-0.7071067811865479,0.0,43.0,171.05,14.0,5.142857142857143,3.340995771810068,1.65,12.75,4.6,258.57142857142856,5
17218.0,21,3,606.28,-0.338660847447418,-0.8058315715864783,0.4742268041237113,79.66666666666667,202.09333333333333,31.33333333333333,3.243161396690809,1.985046568969907,0.42,12.75,2.95,462.7216494845361,0
17220.0,30,1,317.5,-0.4999999999999997,-0.8660254037844388,0.0,83.0,317.5,31.0,3.95625,2.407808198877279,0.95,9.95,3.35,329.4375,2
17223.0,35,1,292.84000000000003,-0.4999999999999997,-0.8660254037844388,0.0,64.0,292.84000000000003,29.0,5.111666666666666,6.541807239136827,0.42,35.0,2.75,434.03333333333336,2
17227.0,35,1,142.25,0.258819045102521,-0.965925826289068,0.0,92.0,142.25,10.0,1.455,0.8908329435608753,0.55,2.95,1.1,536.2,3
17228.0,34,2,355.95,-0.319615242270663,-0.6464101615137757,0.0,105.5,177.97500000000002,15.0,1.9388888888888889,0.8854902122665732,0.65,3.75,1.95,770.8,3
17230.0,20,6,2760.01,-0.1359406273474669,-0.8823952909684271,0.0,225.83333333333331,460.0016666666667,6.833333333333333,1.894671717171717,1.4443244265621684,0.72,10.95,1.95,1022.9512195121952,1
17231.0,28,1,232.01,-0.4999999999999997,-0.8660254037844388,0.0,116.0,232.01,50.0,2.346346153846154,2.427901562146849,0.29,9.95,1.65,332.75,6
17235.0,39,1,341.9,-0.2588190451025208,-0.9659258262890684,0.0,126.0,341.9,10.0,3.4300000000000006,2.607595742356464,0.85,7.95,2.3,252.3,2
17236.0,29,1,126.28,0.258819045102521,-0.9659258262890682,1.0,67.0,126.28,9.0,2.875555555555556,1.52716331077517,1.25,5.95,2.1,602.2222222222222,0
17238.0,37,2,370.09,-0.7071067811865471,-0.7071067811865479,0.0,63.0,185.045,30.0,3.888851674641148,2.402345521217983,0.42,9.95,2.95,354.3833333333333,4
17243.0,1,4,1123.85,0.4999999999999999,-0.8660254037844387,1.0,90.75,280.96250000000003,13.0,3.848717532467533,2.5143025498350826,0.55,12.75,3.75,557.0727272727273,1
17251.0,29,1,283.28000000000003,0.258819045102521,-0.9659258262890682,1.0,110.0,283.28000000000003,37.0,3.503589743589744,1.9546913704153528,0.29,8.5,3.35,358.38461538461536,0
17259.0,35,1,381.64,1.2246467991473532e-16,-1.0,0.0,275.0,381.64,74.0,2.214022988505747,1.9039838648488905,0.42,9.95,1.65,383.9655172413793,6
17262.0,33,1,268.86,-0.2588190451025208,-0.9659258262890684,0.0,74.0,268.86,2.0,3.5700000000000003,0.2545584412271569,3.39,3.75,3.5700000000000003,285.0,5
17284.0,3,1,716.11,-0.4999999999999998,-0.8660254037844388,0.0,571.0,716.11,130.0,1.7929007633587786,1.5054646553598905,0.21,8.5,1.25,329.67175572519085,6
17287.0,34,2,222.7,1.2246467991473532e-16,-1.0,0.0,54.0,111.35,11.0,2.910384615384616,2.9365920844216955,1.25,12.75,1.82,828.7727272727273,2
17288.0,25,1,133.56,-0.2588190451025208,-0.9659258262890684,0.0,156.0,133.56,7.0,0.9271428571428572,0.409907074254409,0.42,1.25,1.25,909.4285714285714,3
17293.0,27,1,346.14,-0.4999999999999997,-0.8660254037844387,0.0,208.0,346.14,14.0,2.9314285714285715,3.1127871684463035,0.65,12.75,1.82,711.7142857142857,2
17303.0,28,1,250.04,-0.2588190451025208,-0.9659258262890684,0.0,144.0,250.04,53.0,2.940943396226415,3.024500762459651,0.3,16.95,1.95,506.2075471698113,6
17306.0,20,1,324.0,-0.2588190451025208,-0.9659258262890684,0.0,1296.0,324.0,1.0,0.25,0.0,0.25,0.25,0.25,2764.0,3
17315.0,6,2,299.48,0.186046511627907,-0.9501489874546748,0.0,99.0,149.74,20.5,2.195011574074074,1.5054439707730771,0.42,6.95,1.65,294.6046511627907,3
17320.0,34,1,450.92,-0.7071067811865471,-0.7071067811865479,0.0,210.0,450.92,22.0,3.860909090909091,2.993104629757424,0.42,7.95,2.75,525.5454545454545,4
17324.0,33,1,127.05,1.2246467991473532e-16,-1.0,0.0,51.0,127.05,6.0,2.033333333333333,1.8345753368740865,0.85,4.95,0.8999999999999999,470.5,3
17338.0,28,1,767.6,1.2246467991473532e-16,-1.0,0.0,336.0,767.6,55.0,2.8591071428571437,1.8445006979330003,0.42,10.95,2.95,531.625,6
17339.0,31,1,60.0,-0.4999999999999997,-0.8660254037844388,0.0,16.0,60.0,4.0,3.75,0.0,3.75,3.75,3.75,876.25,5
17340.0,20,2,4360.39,-0.8022608418860034,-0.5422951135085966,0.0,1227.0,2180.195,68.0,2.5412953488372096,1.7195443699057211,0.12,10.95,2.1,558.8235294117648,6
17341.0,33,1,513.6,1.2246467991473532e-16,-1.0,0.0,291.0,513.6,127.0,2.136211180124224,1.5797495624700206,0.29,9.95,1.69,383.9316770186336,6
17343.0,21,1,193.64,-0.7071067811865471,-0.7071067811865479,1.0,56.0,193.64,17.0,4.70235294117647,3.7913182559166745,0.29,16.95,3.75,655.7647058823529,0
17346.0,26,2,247.84,-0.3062589672078668,-0.8915318946366847,0.0,68.5,123.92000000000002,20.5,3.053345238095238,2.1297371798660167,0.42,9.95,1.95,560.2127659574468,2
17358.0,22,1,246.7,-0.4999999999999997,-0.8660254037844388,1.0,157.0,246.7,40.0,2.1785714285714284,1.733539409709921,0.29,8.5,1.45,400.2857142857143,0
17368.0,4,1,563.15,0.258819045102521,-0.9659258262890684,0.0,711.0,563.15,17.0,0.8764705882352941,0.4704644138570763,0.21,1.65,0.85,251.7058823529412,3
17371.0,27,1,97.63,-0.7071067811865471,-0.7071067811865479,0.0,40.0,97.63,7.0,4.69125,4.124492825964008,1.25,12.75,3.795,133.125,5
17372.0,27,2,370.78,-0.1000766974396412,-0.9868246528317732,0.6133333333333333,117.5,185.39,36.5,2.2461469265367318,1.421498854803758,0.29,7.95,1.45,519.6533333333333,0
17375.0,27,1,109.71,-0.7071067811865471,-0.7071067811865479,0.0,69.0,109.71,21.0,2.786190476190476,2.5872929408756096,0.42,8.5,1.65,482.0,4
17377.0,23,3,785.08,0.029696990077236,-0.7874972609457149,0.0,85.0,261.6933333333333,14.666666666666666,3.242037037037037,2.041028436023993,0.29,9.95,2.95,925.2727272727273,1
17381.0,35,3,3603.72,0.3214121732666126,-0.866866718721158,0.0,962.6666666666666,1201.24,3.6666666666666665,1.668,1.9588676062844572,0.29,8.5,1.06,1147.3636363636365,1
17392.0,24,1,312.41,-0.9659258262890684,0.2588190451025203,0.0,221.0,312.41,41.0,3.710612244897959,5.499594079021979,0.29,26.95,2.1,424.0,4
17396.0,38,1,397.5,0.7071067811865476,-0.7071067811865475,0.0,106.0,397.5,3.0,3.75,0.0,3.75,3.75,3.75,368.6666666666667,3
17400.0,19,1,424.17,-0.9659258262890684,-0.2588190451025206,0.0,250.0,424.17,37.0,2.851081081081081,2.033391780285376,0.29,8.95,2.55,347.43243243243245,4
17402.0,35,2,459.97,-0.6884281255163794,-0.7178909080658196,1.0,60.0,229.985,12.0,3.9769565217391305,3.746240223247393,0.42,14.95,2.95,210.41666666666663,0
17404.0,24,2,3834.3,0.4708146521114414,-0.8698677277269244,0.0,1977.0,1917.15,13.0,3.2224000000000004,1.477596922934894,0.29,4.95,1.05,899.4615384615385,1
17406.0,33,1,702.1,0.5,-0.8660254037844388,0.0,270.0,702.1,19.0,2.673684210526316,2.1551210600858903,0.65,10.95,2.1,575.2105263157895,6
17412.0,24,2,447.76,-0.9278685224777808,-0.3506975041110843,0.0,105.0,223.88,10.5,3.9246634615384615,2.35781447121906,0.21,8.5,4.25,595.952380952381,4
17419.0,33,2,374.27,-0.7071067811865471,-0.7071067811865479,0.0,101.5,187.135,9.5,2.538611111111111,4.006059829742577,0.55,14.95,1.45,961.5263157894736,4
17420.0,40,1,130.85,0.7071067811865476,-0.7071067811865474,0.0,53.0,130.85,7.0,5.571428571428571,6.846158116227009,1.25,19.95,1.95,402.0,2
17428.0,6,3,1216.99,0.3147700438443199,-0.8565578907607218,0.0,293.0,405.66333333333336,11.666666666666666,2.8349831649831647,2.014273271660677,0.19,8.5,2.55,539.4285714285714,1
17430.0,32,1,112.6,-0.2588190451025208,-0.9659258262890684,0.0,60.0,112.6,5.0,2.68,2.06082507748717,0.65,5.95,2.1,509.6,2
17449.0,26,1,684.26,0.5,-0.8660254037844387,0.0,264.0,684.26,73.0,3.4342465753424656,2.39810974045081,0.42,9.95,2.95,325.8767123287671,6
17450.0,34,2,2028.84,0.7071067811865476,-0.7071067811865475,0.0,393.0,1014.4199999999998,1.5,4.585,0.905096679918781,1.93,6.6,3.21,1065.3333333333333,1
17454.0,26,1,165.85,0.4999999999999999,-0.8660254037844387,0.0,59.0,165.85,9.0,4.561111111111111,3.666553028542081,1.25,9.95,2.95,912.0,2
17456.0,31,1,249.86,-0.7071067811865471,-0.7071067811865479,0.0,222.0,249.86,17.0,1.5076470588235291,0.9798885740976158,0.42,3.75,1.25,361.1764705882353,3
17457.0,6,1,385.8,-0.4999999999999997,-0.8660254037844388,0.0,264.0,385.8,4.0,1.58,0.9426558226627574,0.42,2.55,1.675,414.0,3
17460.0,38,2,70.30000000000001,-0.7865660924854927,-0.6035533905932742,0.0,13.0,35.150000000000006,1.0,6.025,0.0,2.1,9.95,6.025,539.0,5
17470.0,34,1,178.4,0.7071067811865476,-0.7071067811865475,0.0,112.0,178.4,11.0,2.277272727272728,2.0962303828973137,0.65,7.95,1.65,398.27272727272725,2
17491.0,34,1,327.40000000000003,1.2246467991473532e-16,-1.0,0.0,268.0,327.40000000000003,5.0,1.4,0.9652978814852958,0.65,2.95,1.06,852.0,3
17496.0,25,1,271.05,0.8660254037844387,-0.4999999999999998,0.0,79.0,271.05,10.0,5.165,5.374014121471749,0.75,19.95,4.2,1086.9,2
17511.0,5,4,10573.22,0.3039498841980152,-0.915461481281795,0.0,2085.0,2643.305,30.5,2.514095437736498,2.1598337644274297,0.1,8.95,1.65,779.327868852459,1
17519.0,34,1,335.3,-0.7071067811865471,-0.7071067811865479,0.0,184.0,335.3,18.0,3.975,2.7387873014078585,0.65,8.5,4.0,353.1666666666667,4
17524.0,28,1,145.0,-0.4999999999999997,-0.8660254037844388,0.0,90.0,145.0,6.0,1.5916666666666668,0.3168858890305256,1.25,2.1,1.65,551.6666666666666,3
17525.0,26,1,422.7000000000001,1.2246467991473532e-16,-1.0,0.0,82.0,422.7000000000001,9.0,6.005555555555556,1.8735735314574065,3.75,7.95,4.95,530.1111111111111,5
17526.0,27,2,238.6,0.0431365075170869,-0.994320971048178,0.0,22.0,119.3,3.0,3.99,3.3274614948936674,2.95,10.95,3.75,88.0,5
17530.0,31,1,300.64,-0.8660254037844386,0.5000000000000001,0.0,194.0,300.64,65.0,2.547384615384616,4.351049541821447,0.42,35.95,1.65,299.61538461538464,4
17551.0,26,1,306.84,-0.4999999999999998,-0.8660254037844389,0.0,150.0,306.84,39.0,2.5411627906976744,1.6624425651408312,0.42,8.5,2.1,513.3953488372093,6
17552.0,38,2,298.52,-1.0,-1.8369701987210294e-16,0.0,72.0,149.26,6.5,4.485909090909091,4.088934286176055,0.29,9.95,2.95,248.53846153846155,4
17555.0,1,1,195.45,1.2246467991473532e-16,-1.0,1.0,156.0,195.45,48.0,2.358163265306122,1.936924832336673,0.42,8.5,1.65,494.6326530612245,0
17567.0,38,1,517.95,-0.7071067811865471,-0.707106781186548,0.0,244.0,517.95,27.0,3.511111111111111,3.3537101536763427,0.85,12.75,1.65,491.7407407407408,6
17572.0,40,1,70.80000000000001,1.2246467991473532e-16,-1.0,0.0,24.0,70.80000000000001,4.0,2.95,0.0,2.95,2.95,2.95,231.0,5
17576.0,27,2,297.0,-0.7937896662399424,-0.5941394459938857,0.0,65.0,148.5,11.0,3.5003333333333337,2.814680120555521,0.42,9.95,2.95,573.3181818181819,4
17580.0,24,1,46.85,-0.7071067811865471,-0.7071067811865479,0.0,11.0,46.85,3.0,4.316666666666666,0.6027713773341711,3.75,4.95,4.25,467.3333333333333,5
17581.0,38,2,786.78,-0.4999999999999997,-0.8660254037844388,0.0,220.5,393.39,19.0,2.2822350230414745,1.8373748591425825,0.55,12.75,1.65,729.421052631579,6
17585.0,4,1,417.81,-0.7071067811865471,-0.7071067811865479,0.0,571.0,417.81,28.0,1.7385714285714289,2.3903272893611347,0.19,9.95,0.85,269.17857142857144,6
17591.0,33,1,406.6,-0.7071067811865471,-0.7071067811865479,0.0,133.0,406.6,67.0,3.719375,3.078521075044585,0.19,14.95,2.95,497.325,6
17593.0,19,1,662.9,0.4999999999999999,-0.8660254037844387,0.0,374.0,662.9,26.0,2.825384615384616,2.162164158003237,0.21,7.95,1.7999999999999998,354.38461538461536,6
17596.0,35,1,392.62,1.2246467991473532e-16,-1.0,0.0,530.0,392.62,56.0,2.2611666666666665,2.27636052941686,0.21,12.75,1.65,385.03333333333336,6
17611.0,28,1,244.19,-0.2588190451025208,-0.9659258262890682,0.0,129.0,244.19,44.0,2.5777272727272726,2.401286344844482,0.42,8.5,1.35,348.8181818181818,6
17616.0,34,1,326.4,0.4999999999999999,-0.8660254037844387,0.0,128.0,326.4,1.0,2.55,0.0,2.55,2.55,2.55,4565.0,3
17618.0,28,1,320.28,-0.8660254037844384,-0.5000000000000004,1.0,161.0,320.28,41.0,2.8558490566037738,2.322787147076565,0.42,12.75,2.1,475.3018867924528,0
17621.0,21,1,239.4,-0.2588190451025208,-0.9659258262890684,0.0,92.0,239.4,4.0,2.75,0.2309401076758505,2.55,2.95,2.75,869.5,3
17629.0,26,1,238.65,0.7071067811865476,-0.7071067811865475,0.0,115.0,238.65,11.0,3.722727272727273,4.568608302118033,0.85,16.95,2.55,402.1818181818182,2
17634.0,4,1,785.65,1.2246467991473532e-16,-1.0,0.0,165.0,785.65,74.0,5.544594594594595,3.373563292047421,1.25,14.95,4.95,295.7432432432432,6
17643.0,39,1,101.55,-0.4999999999999997,-0.8660254037844388,0.0,71.0,101.55,8.0,4.01875,4.210610534284615,0.65,10.95,1.475,120.625,2
17646.0,32,1,251.0,-0.4999999999999997,-0.8660254037844388,0.0,110.0,251.0,9.0,3.2555555555555555,2.671194073401964,0.85,8.5,2.55,336.44444444444446,2
17655.0,32,1,676.1,-0.8660254037844384,-0.5000000000000004,0.0,274.0,676.1,9.0,4.343333333333334,3.552629307991477,0.42,10.95,4.95,725.8888888888889,4
17659.0,24,2,359.95,-0.8954078809916826,-0.4290644250301534,0.0,42.5,179.97500000000002,8.5,9.559166666666668,10.22756463121434,1.25,39.95,3.75,476.4705882352941,4
17671.0,32,1,394.18,-0.4999999999999996,-0.8660254037844388,0.0,190.0,394.18,17.0,3.1194117647058826,1.5478875548155755,0.29,5.95,2.95,831.7058823529412,3
17674.0,35,1,300.66,0.4999999999999999,-0.8660254037844388,0.0,349.0,300.66,11.0,0.6581818181818182,0.5194192561278064,0.42,2.1,0.42,408.0,3
17675.0,5,3,1988.48,0.28217364693463,-0.8808446295650699,0.0,265.3333333333333,662.8266666666667,12.666666666666666,3.3172474747474747,1.6271976195260451,0.65,8.5,3.6,933.1842105263158,1
17676.0,33,1,300.7,-0.2588190451025208,-0.9659258262890684,0.0,158.0,300.7,15.0,2.273333333333333,1.1779016856055438,0.85,4.95,1.95,698.8666666666667,3
17677.0,33,4,1616.6,0.7327907262791405,-0.5769230769230768,0.0,253.0,404.15,6.5,2.113375,1.4585658081082793,0.42,8.5,2.025,941.6923076923076,1
17682.0,35,1,391.5,-0.2588190451025208,-0.9659258262890684,0.0,210.0,391.5,18.0,2.0083333333333333,0.8004134960792968,0.85,3.75,1.65,862.1111111111111,3
17685.0,27,2,463.02,-0.4416293042228827,-0.8737100516694103,0.0,178.0,231.51,6.5,0.9866666666666668,1.2293260040536134,0.42,4.25,0.85,913.2307692307692,3
17690.0,31,4,687.9000000000001,-0.4954704006503138,-0.6752243744253363,0.0,60.5,171.97500000000002,6.5,3.85625,1.1424970249747637,1.25,8.5,3.75,753.5384615384615,1
17691.0,24,2,290.40000000000003,-0.3857835187877891,-0.5937643625066747,0.0,67.0,145.2,9.5,3.427222222222222,2.5359790678065384,0.85,7.95,2.95,439.3684210526316,4
17692.0,26,1,343.26,-0.2588190451025208,-0.9659258262890682,0.0,384.0,343.26,25.0,1.686,1.712194011592534,0.12,7.95,1.25,597.8,3
17696.0,31,2,175.6,0.7071067811865476,-0.7071067811865474,0.0,44.0,87.80000000000001,3.5,2.9433333333333334,2.420071624284428,1.25,6.95,1.49,151.42857142857142,2
17706.0,33,3,477.83,0.258819045102521,-0.9659258262890684,0.0,75.0,159.27666666666667,9.333333333333334,3.330958605664488,2.992319018558497,0.85,12.75,1.95,558.1785714285714,2
17707.0,3,1,83.7,-0.2588190451025208,-0.9659258262890684,0.0,78.0,83.7,3.0,1.6833333333333331,1.115048578911849,0.85,2.95,1.25,873.3333333333334,3
17720.0,34,1,102.0,0.4999999999999999,-0.8660254037844387,0.0,24.0,102.0,1.0,4.25,0.0,4.25,4.25,4.25,993.0,5
17722.0,33,1,910.14,1.2246467991473532e-16,-1.0,0.0,525.0,910.14,45.0,3.440444444444444,4.436845703648009,0.42,16.95,1.69,332.0888888888889,6
17732.0,39,1,303.97,0.7071067811865476,-0.7071067811865475,0.0,93.0,303.97,18.0,4.9494444444444445,3.297771925588944,0.85,12.75,3.45,986.8333333333334,2
17735.0,34,1,454.6,0.4999999999999999,-0.8660254037844388,0.0,218.0,454.6,22.0,2.409090909090909,1.2028375542101195,0.55,4.95,2.1,757.6363636363636,3
17739.0,27,1,360.06,-0.4999999999999997,-0.8660254037844389,0.0,90.0,360.06,5.0,3.878,0.925699735335384,2.55,4.95,4.25,1086.2,3
17744.0,25,1,377.52,-0.4999999999999997,-0.8660254037844388,0.0,544.0,377.52,19.0,0.8773684210526315,0.845069636218507,0.21,3.95,0.85,262.89473684210526,3
17752.0,25,1,80.64,-0.8660254037844384,-0.5000000000000004,0.0,192.0,80.64,1.0,0.42,0.0,0.42,0.42,0.42,286.0,3
17757.0,1,5,711.3000000000001,-0.6490525367618272,-0.6604606540654716,0.238095238095238,68.8,142.26,21.0,2.985474110191868,2.4107588049177777,0.42,9.95,1.95,436.1142857142857,1
17760.0,39,1,172.54,-0.7071067811865471,-0.7071067811865479,0.0,165.0,172.54,9.0,2.6244444444444444,2.4829927059453434,0.42,8.5,2.1,258.44444444444446,4
17787.0,38,1,736.28,-0.2588190451025208,-0.9659258262890684,0.0,356.0,736.28,30.0,3.507096774193548,3.157054738780421,0.42,12.75,2.1,374.7096774193548,6
17790.0,24,5,399.55,0.4999999999999999,-0.8660254037844387,0.0,36.0,79.91,4.8,3.560857142857143,2.856783995493699,0.85,16.95,2.55,748.2916666666666,2
17796.0,1,2,396.9,0.167753084788671,-0.9779148874095812,1.0,50.5,198.45,26.0,4.06312030075188,2.018556392236456,0.95,9.95,3.75,244.88888888888889,0
17799.0,28,1,223.48,-0.2588190451025208,-0.9659258262890684,0.0,133.0,223.48,30.0,2.186969696969697,1.1722747247565437,0.42,4.25,2.1,295.72727272727275,3
17800.0,1,1,136.05,-0.2588190451025208,-0.9659258262890684,1.0,98.0,136.05,11.0,2.9166666666666665,3.0136306503899406,0.65,9.95,1.65,199.91666666666663,0
17802.0,39,1,100.2,-0.2588190451025208,-0.9659258262890684,0.0,75.0,100.2,12.0,1.535,0.5499338803231465,0.42,2.1,1.25,700.8333333333334,3
17809.0,38,3,1251.5,0.0471404520791032,-0.9804737854124366,0.0,119.33333333333331,417.1666666666667,5.0,3.147435897435898,2.15114757686122,0.85,7.95,3.75,494.3333333333333,1
17812.0,34,1,217.55,-0.7071067811865471,-0.7071067811865479,0.0,144.0,217.55,27.0,2.3424242424242423,1.9641760841110807,0.3,9.95,1.65,556.8181818181819,4
17816.0,32,1,16.21,-0.4999999999999997,-0.8660254037844389,0.0,16.0,16.21,10.0,1.091,0.6867548487067436,0.25,2.1,0.85,199.4,3
17819.0,29,2,980.12,-0.4285714285714283,-0.8851646318152333,0.1428571428571428,137.0,490.06,7.0,7.142916666666666,2.055713253757768,0.29,12.75,2.1,758.4285714285714,1
17827.0,31,3,1271.8,0.280353058932653,-0.9570061457082976,0.0,247.66666666666663,423.9333333333333,37.0,3.795459770114942,3.0386516897834226,0.21,12.75,1.67,392.2142857142857,1
17838.0,31,2,935.56,-0.7071067811865471,-0.7071067811865479,0.0,275.0,467.78,20.0,3.80864247311828,2.911978521708411,0.55,12.75,2.1,226.02325581395348,6
17841.0,1,8,3171.76,-0.4398173933588724,-0.825423561073882,0.1243243243243243,169.125,396.47,45.25,3.379080399989629,3.1636921530900413,0.12,16.95,2.55,408.8864864864865,1
17848.0,24,1,97.3,-1.0,-1.8369701987210294e-16,0.0,22.0,97.3,5.0,6.709999999999999,5.516158083303995,2.55,12.75,2.95,458.8,4
17850.0,38,34,5391.21,0.2361059013497455,-0.7877753949325077,0.0,50.97058823529412,158.565,8.735294117647058,3.0139106793050634,2.42317653625168,1.06,35.75,2.55,760.5555555555555,1
17855.0,39,1,208.97,0.7071067811865476,-0.7071067811865475,0.0,197.0,208.97,17.0,1.7658823529411765,2.315728985717913,0.42,9.95,1.25,435.9411764705882,2
17857.0,24,2,1340.7,0.0338501553251291,-0.8727406610312546,0.0,1082.0,670.35,2.5,0.7025,0.4946716082412654,0.36,1.45,0.55,1759.2,3
17858.0,26,2,1556.85,-0.2588190451025208,-0.9659258262890684,0.7037037037037037,811.5,778.425,12.5,3.1026315789473684,4.2874566303025325,0.55,29.95,1.25,307.3333333333333,6
17860.0,35,1,252.8,1.2246467991473532e-16,-1.0,0.0,104.0,252.8,49.0,2.556379310344828,1.4607072287030969,0.29,7.95,2.1,391.63793103448273,6
17863.0,36,1,384.72,-0.2588190451025208,-0.9659258262890684,1.0,276.0,384.72,21.0,1.4695238095238097,0.7837313072123391,0.42,3.75,1.65,465.4285714285714,0
17865.0,23,2,1079.83,-0.5295866830266494,-0.8433227434133115,0.0,220.5,539.915,21.0,4.009444444444444,2.452751630013063,0.42,10.95,2.1,345.35714285714283,6
17869.0,34,1,214.32,-0.9659258262890684,-0.2588190451025206,0.0,67.0,214.32,16.0,5.483125,6.831262175957432,0.29,29.95,4.0,331.5625,4
17870.0,33,1,326.4,0.8660254037844387,-0.4999999999999998,0.0,128.0,326.4,1.0,2.55,0.0,2.55,2.55,2.55,463.0,3
17873.0,39,1,215.15,-0.4999999999999997,-0.8660254037844388,0.0,129.0,215.15,7.0,2.0166666666666666,2.047559522944327,0.85,6.75,0.85,93.55555555555556,3
17880.0,31,1,458.92,0.4999999999999999,-0.8660254037844387,0.0,314.0,458.92,26.0,2.4615384615384617,2.199575763291989,0.42,7.95,1.65,545.5384615384615,6
17884.0,34,2,324.62,-0.3977475644174327,-0.8352475644174332,0.0,118.0,162.31,30.5,2.3196626984126985,1.4547668527621247,0.42,9.95,2.1,444.84375,2
17888.0,24,1,29.43,-0.2588190451025208,-0.9659258262890684,0.0,52.0,29.43,3.0,1.2633333333333334,1.4606961810497534,0.42,2.95,0.42,135.0,3
17890.0,27,1,476.96,-0.7071067811865471,-0.7071067811865479,0.0,343.0,476.96,61.0,2.26796875,1.9294897587618,0.25,12.75,1.5499999999999998,294.125,6
17894.0,19,4,515.85,0.0670095248489588,-0.9072886217754812,0.0,55.5,128.9625,22.75,2.741153626355405,2.28176006861222,0.21,15.95,1.65,686.7717391304348,1
17897.0,33,2,434.62,-0.3633743181097533,-0.8494854292208649,0.0,78.0,217.31,32.5,3.429397683397683,4.117949520384336,0.29,39.95,2.175,384.4583333333333,2
17905.0,18,2,394.15,-0.3672487520100061,-0.8827247858803062,0.0,86.0,197.075,13.5,3.351130434782609,2.3948769408862254,1.25,19.95,2.95,172.64285714285714,2
17908.0,40,1,243.28,0.258819045102521,-0.9659258262890682,0.0,173.0,243.28,51.0,2.672586206896552,1.9896015296596337,0.12,7.95,2.025,426.9310344827586,6
17912.0,25,4,289.41,-0.3929258105649305,-0.6998887270978494,0.0,45.25,72.3525,8.75,4.647714285714286,2.917882474981244,0.21,12.75,2.1,225.66666666666663,2
17913.0,22,1,218.05,0.258819045102521,-0.9659258262890682,1.0,100.0,218.05,31.0,3.0393548387096776,1.6334359195345889,0.42,7.95,2.95,324.741935483871,0
17917.0,29,1,110.91,1.2246467991473532e-16,-1.0,1.0,56.0,110.91,28.0,2.331034482758621,1.3048572577313533,0.16,4.95,2.25,227.1379310344828,0
17920.0,34,2,735.91,0.0930524947402322,-0.8972630729412056,0.0,151.0,367.955,34.0,2.921388888888889,2.271453558580199,0.42,9.95,2.1,361.69473684210527,6
17924.0,40,1,279.0,0.4999999999999999,-0.8660254037844387,0.0,60.0,279.0,2.0,4.65,0.0,4.65,4.65,4.65,175.0,5
17925.0,39,1,244.08,0.4999999999999999,-0.8660254037844387,0.0,72.0,244.08,1.0,3.39,0.0,3.39,3.39,3.39,2015.0,3
17937.0,27,2,2153.88,-0.4999999999999997,-0.8660254037844388,0.7222222222222222,402.0,1076.94,9.0,3.252846153846154,2.3480087608104308,0.42,8.5,2.97,416.6111111111111,1
17949.0,4,2,1746.0,0.1205904774487395,-0.9159756150367536,0.0,360.0,873.0,1.0,5.835,0.0,0.72,10.95,5.835,2360.0,1
17950.0,31,2,263.17,-0.7071067811865471,-0.7071067811865479,0.0,93.0,131.585,19.5,2.3111538461538466,1.9910759977717136,0.42,8.5,2.1,258.2564102564103,4
17951.0,25,2,409.50000000000006,1.2246467991473532e-16,-1.0,0.0,110.0,204.75,4.5,2.99,2.9203494447064133,0.42,12.75,2.1,887.5555555555555,2
17954.0,34,2,128.68,-0.4666666666666664,-0.8749570435321429,0.0,31.0,64.34,7.5,6.294285714285714,2.440425111589112,0.55,9.95,1.95,609.2666666666667,2
17961.0,19,3,569.75,-0.1585454725336313,-0.41386122923342,0.0,43.66666666666666,189.91666666666663,25.33333333333333,5.218344280240832,9.121064040667298,0.42,125.0,2.95,251.76623376623377,4
17964.0,39,1,261.76,-0.2588190451025208,-0.9659258262890682,0.0,195.0,261.76,35.0,3.561714285714286,3.326676035531285,0.21,11.95,2.1,279.22857142857146,6
17965.0,31,2,156.8,-0.9145728111794096,-0.2062394778460766,0.2916666666666667,31.0,78.4,11.5,3.868067226890756,2.6065046973062094,0.85,8.5,3.35,817.7916666666666,4
17967.0,38,1,123.07,0.258819045102521,-0.9659258262890682,0.0,80.0,123.07,41.0,1.8797916666666667,1.7551219750100333,0.21,9.95,1.45,368.9791666666667,2
17968.0,40,1,277.35,1.2246467991473532e-16,-1.0,0.0,160.0,277.35,74.0,1.9291764705882355,1.2499497244791449,0.29,7.95,1.65,522.2588235294118,6
17969.0,27,1,125.2,-0.7071067811865471,-0.7071067811865479,0.0,131.0,125.2,7.0,2.745714285714286,2.288877870215426,0.3,5.95,2.1,406.57142857142856,4
17975.0,6,3,1053.37,-0.0089247946587075,-0.9659258262890684,0.0,108.33333333333331,351.1233333333334,19.33333333333333,3.841555555555556,2.8424783201782176,0.42,16.95,2.1,317.91379310344826,1
17976.0,39,1,353.19,-0.2588190451025208,-0.9659258262890684,0.0,106.0,353.19,56.0,3.532,2.2667109983409883,0.19,12.75,2.95,448.9692307692308,6
17978.0,32,1,300.92,-0.4999999999999997,-0.8660254037844388,0.0,499.0,300.92,12.0,2.3633333333333333,2.170053762774861,0.36,7.95,1.65,641.5833333333334,3
17980.0,25,1,295.2,-0.7071067811865471,-0.7071067811865479,0.0,235.0,295.2,15.0,2.1566666666666667,2.012183130925452,0.55,8.5,1.25,782.4666666666667,3
17990.0,20,2,316.0,1.2246467991473532e-16,-1.0,0.0,62.0,158.0,6.0,3.6921428571428576,1.6020051412270695,0.85,4.95,4.300000000000001,1372.75,2
17999.0,32,1,190.34,-0.7071067811865471,-0.7071067811865479,0.0,94.0,190.34,37.0,3.632631578947368,3.420134092685372,0.19,16.95,2.75,291.3157894736842,4
18004.0,29,1,169.47,-0.2588190451025208,-0.9659258262890684,1.0,78.0,169.47,32.0,2.76525,2.692379547575922,0.16,12.75,1.67,390.35,0
18011.0,39,1,102.79,-0.9659258262890684,-0.2588190451025206,0.0,71.0,102.79,28.0,2.3610714285714285,2.0364008542409917,0.19,9.95,1.65,383.5357142857143,4
18016.0,30,1,156.65,-0.9659258262890682,-0.2588190451025206,0.0,65.0,156.65,19.0,3.247368421052632,1.952098136493892,0.85,6.75,2.95,266.0,4
18037.0,28,1,31.3,-0.8660254037844384,-0.5000000000000004,1.0,6.0,31.3,6.0,5.216666666666667,7.229568912920511,1.95,19.95,2.25,407.5,5
18041.0,3,4,1011.99,-0.0411189251584355,-0.914917693312659,0.0,211.0,252.9975,30.0,1.808857804573193,1.52435310450796,0.29,9.95,1.25,469.6131386861314,1
18043.0,33,1,316.46,1.2246467991473532e-16,-1.0,0.0,172.0,316.46,59.0,2.895,2.280489319962174,0.21,9.95,2.025,447.77272727272725,6
18044.0,27,1,74.25,1.2246467991473532e-16,-1.0,0.0,53.0,74.25,6.0,2.3000000000000003,2.7811867970346764,0.65,7.95,1.25,248.0,2
18050.0,26,1,74.4,-0.4999999999999997,-0.8660254037844389,0.0,40.0,74.4,5.0,2.31,1.3722244714331542,0.85,3.75,1.95,288.2,3
18055.0,25,3,1751.12,0.357304754551504,-0.8689447871357032,0.2317073170731707,182.0,583.7066666666666,27.33333333333333,4.766065162907268,3.533299901991348,0.85,19.95,4.25,473.5,1
18061.0,33,1,405.16,-0.2588190451025208,-0.9659258262890684,0.0,248.0,405.16,6.0,4.851666666666667,2.7189734582497613,1.06,7.95,4.45,176.0,2
18062.0,4,1,169.8,0.4999999999999999,-0.8660254037844387,0.0,184.0,169.8,5.0,1.014,0.6806100204963192,0.42,2.1,0.65,363.8,3
18065.0,31,2,345.02,1.2246467991473532e-16,-1.0,0.0,92.0,172.51,10.5,3.38,2.2703451977558173,0.29,7.95,3.75,760.1904761904761,2
18071.0,32,1,258.95,0.4999999999999999,-0.8660254037844387,0.0,157.0,258.95,14.0,2.689285714285714,3.0383559934374285,1.25,12.75,1.45,343.6428571428572,2
18074.0,40,1,489.6,0.7071067811865477,-0.7071067811865475,0.0,190.0,489.6,13.0,4.780769230769232,3.698059088987226,0.65,12.75,2.95,663.6153846153846,2
18075.0,27,1,198.95,0.4999999999999999,-0.8660254037844387,0.0,117.0,198.95,12.0,2.8891666666666667,2.9197834861613634,0.42,9.95,2.1,947.6666666666666,2
18077.0,22,2,396.33,0.3861089935206349,-0.9132006033005138,0.4722222222222222,153.0,198.165,18.0,1.714659442724458,1.2595661722881866,0.42,5.95,1.25,423.6388888888889,3
18085.0,40,1,303.9,1.2246467991473532e-16,-1.0,0.0,78.0,303.9,9.0,3.844444444444445,0.93355652093367,2.1,4.95,3.75,772.3333333333334,2
18092.0,18,3,2852.64,0.2081493715400952,-0.8397794208199367,0.0,298.6666666666667,950.88,6.333333333333333,3.920666666666667,2.1690404194416124,0.65,10.95,3.39,840.421052631579,1
18097.0,6,2,657.1800000000001,0.0625,-0.8660254037844387,0.0,263.0,328.59000000000003,8.0,2.1373015873015877,1.893292398922072,0.12,9.95,1.775,797.0,1
18102.0,32,4,27834.61,-0.8322917171909985,-0.5258847681271709,0.0,1673.75,6958.6525,4.5,10.851277777777778,8.78920555440403,2.31,52.77,4.78,1145.2777777777778,1
18109.0,5,3,691.73,0.2692307692307693,-0.9278598328070056,0.5384615384615384,51.0,230.57666666666668,12.666666666666666,4.93415343915344,3.599002384594977,0.85,12.75,2.95,616.4615384615385,1
18113.0,35,1,76.32000000000001,1.2246467991473532e-16,-1.0,0.0,72.0,76.32000000000001,1.0,1.06,0.0,1.06,1.06,1.06,1644.0,3
18116.0,17,3,665.57,-0.544020607739907,-0.7067478912006061,0.0,99.0,221.85666666666663,50.66666666666666,2.8215957027399963,2.411327669470529,0.2,12.75,1.95,477.6064516129032,6
18118.0,31,2,608.51,1.2246467991473532e-16,-1.0,0.7814569536423841,135.5,304.255,74.5,2.6281368772470466,2.930291245064004,0.42,16.95,1.65,432.7549668874172,0
18119.0,34,1,181.12,0.258819045102521,-0.9659258262890682,0.0,125.0,181.12,29.0,2.7823333333333333,2.6204404517026405,0.42,11.95,2.1,138.63333333333333,2
18144.0,27,2,502.65,-0.2588190451025208,-0.9659258262890684,0.0,159.5,251.325,3.5,2.14625,1.163857002783643,1.25,4.95,1.65,981.8571428571428,3
18156.0,36,1,206.23,1.2246467991473532e-16,-1.0,1.0,73.0,206.23,50.0,2.981636363636364,1.6311013816350342,0.85,6.95,2.95,368.2909090909091,0
18168.0,26,2,449.94,-0.6126710630453781,-0.2972079465504826,0.0,102.0,224.97000000000003,19.0,3.989953703703704,3.090805496469325,0.42,10.95,2.55,403.9230769230769,4
18176.0,24,1,476.35,-0.7071067811865471,-0.7071067811865479,0.0,283.0,476.35,30.0,2.681666666666666,2.6400262320187515,0.55,10.75,1.5499999999999998,278.9,6
18178.0,31,1,300.65000000000003,1.2246467991473532e-16,-1.0,0.0,105.0,300.65000000000003,16.0,3.290625,1.2142513125378946,1.25,4.95,3.75,805.25,2
18179.0,3,1,335.8,-0.4999999999999997,-0.8660254037844388,0.0,223.0,335.8,18.0,3.026111111111111,3.4508449756185278,0.42,12.75,1.35,487.55555555555554,6
18198.0,3,1,300.54,-0.2588190451025208,-0.9659258262890682,0.0,222.0,300.54,19.0,1.5063157894736845,0.9629423112195468,0.42,2.95,1.25,763.6315789473684,3
18219.0,27,2,390.06,0.2708333333333333,-0.9274304270499044,0.0,71.0,195.03,12.0,4.466608391608392,3.233962473705736,0.85,9.95,3.45,672.3333333333334,2
18223.0,24,1,501.69,-0.8660254037844384,-0.5000000000000004,0.0,195.0,501.69,21.0,3.763333333333333,2.837899457932457,0.85,9.95,2.1,697.0952380952381,4
18225.0,31,1,30.0,-0.7071067811865471,-0.7071067811865479,0.0,16.0,30.0,2.0,2.5,1.7677669529663689,1.25,3.75,2.5,296.5,5
18226.0,4,1,417.3,0.7071067811865476,-0.7071067811865475,0.0,366.0,417.3,21.0,3.071904761904761,3.197376454294394,0.21,9.95,1.45,686.047619047619,6
18229.0,33,2,653.2,-0.4562177826491068,-0.6098076211353319,0.0,56.0,326.6,5.0,5.65,2.992327825391224,3.75,14.95,3.75,233.5,5
18239.0,38,1,438.1,-0.9659258262890684,-0.2588190451025206,0.0,208.0,438.1,29.0,3.341379310344828,2.478301152197856,0.85,8.5,2.95,386.2413793103448,4
18245.0,21,1,365.73,-0.4999999999999997,-0.8660254037844388,1.0,297.0,365.73,27.0,1.6803703703703703,1.293586194331573,0.42,4.65,1.25,442.77777777777777,0
18259.0,33,1,376.30000000000007,-0.2588190451025208,-0.9659258262890684,0.0,116.0,376.30000000000007,7.0,3.157142857142857,1.114087283919207,2.1,4.65,2.95,1288.428571428571,3
18260.0,24,1,230.7,-1.0,-1.8369701987210294e-16,0.0,58.0,230.7,11.0,5.540909090909091,3.811155873341983,0.85,12.75,3.75,389.54545454545456,4
18269.0,33,1,168.6,-0.2588190451025208,-0.9659258262890684,0.0,76.0,168.6,7.0,3.164285714285714,1.4803474495633016,0.85,4.95,3.35,565.2857142857143,2
18283.0,4,1,108.45,-0.4999999999999998,-0.8660254037844388,0.0,61.0,108.45,57.0,1.7710526315789474,1.0725864670614245,0.55,5.95,1.65,597.3859649122807,3
