CustomerID,Recency,Frequency,Monetary,Avg_Order_Hour_Sin,Avg_Order_Hour_Cos,Weekend_Ratio,Avg_Basket_Size,Avg_Basket_Value,Avg_Basket_Product_Diversity,Avg_Basket_Item_Price,Avg_Basket_Price_Variance,Min_Item_Price_Paid,Max_Item_Price_Paid,Median_Item_Price_Paid,Avg_Product_Popularity
12347.0,33,1,711.79,-0.4999999999999997,-0.8660254037844388,0.0,319.0,711.79,31.0,2.89,1.505489953470298,0.65,5.95,3.25,381.8709677419355
12348.0,24,1,892.8,-0.9659258262890685,0.2588190451025203,0.0,1254.0,892.8,13.0,2.9176470588235297,9.562247074702006,0.29,40.0,0.55,1115.0588235294117
12370.0,24,2,1868.02,0.062163233510905386,-0.9742511455988174,0.0,484.0,934.01,45.0,5.240617469879519,7.224692607979839,0.65,40.0,2.1,290.2967032967033
12377.0,21,1,1001.52,0.7071067811865476,-0.7071067811865475,0.0,604.0,1001.52,43.0,2.106279069767442,1.4244648506516302,0.42,4.95,1.95,372.86046511627904
12383.0,19,1,600.72,-0.4999999999999997,-0.8660254037844387,0.0,754.0,600.72,37.0,1.3251351351351353,2.4213272549731224,0.12,15.0,0.65,554.918918918919
12386.0,4,2,401.9,0.565685424949238,-0.765685424949238,0.0,177.0,200.95,5.0,1.888125,1.3202159509095839,0.36,6.75,1.45,241.6
12395.0,23,2,679.92,-0.8660254037844384,-0.5000000000000004,0.0,376.5,339.96000000000004,15.5,3.339802631578947,5.265423600398974,0.19,18.0,0.85,698.516129032258
12413.0,3,1,479.25,-0.8660254037844384,-0.5000000000000004,0.0,180.0,479.25,24.0,5.125,6.642452402015651,0.65,29.95,2.95,425.1666666666667
12415.0,4,1,7011.38,0.258819045102521,-0.9659258262890681,0.0,4662.0,7011.38,46.0,1.871304347826087,1.3871611437202758,0.37,6.75,1.5499999999999998,405.04347826086956
12417.0,24,1,291.34,0.258819045102521,-0.9659258262890682,0.0,60.0,291.34,11.0,7.003636363636363,5.179174205850336,1.69,15.0,3.75,294.72727272727275
12423.0,20,1,237.93,0.49999999999999994,-0.8660254037844387,0.0,188.0,237.93,16.0,2.636875,3.837048724823112,0.42,15.0,1.25,360.8125
12427.0,38,1,303.5,0.4999999999999999,-0.8660254037844387,0.0,79.0,303.5,10.0,4.925,5.233452758722274,1.65,18.0,2.55,193.1
12429.0,32,1,1281.5,1.2246467991473532e-16,-1.0,0.0,454.0,1281.5,20.0,4.6485,4.519652146605509,0.42,18.0,3.75,315.6
12431.0,24,2,773.95,0.08333333333333343,-0.8660254037844388,0.0,126.5,386.975,11.5,4.394285714285715,2.707856298493624,0.85,8.5,4.35,434.4583333333333
12433.0,32,2,3787.12,-0.5644875521940983,-0.7313781314224627,0.0,1791.0,1893.56,73.5,1.6232191780821918,1.7357007987292243,0.29,8.5,1.25,572.795918367347
12441.0,33,1,173.55,0.49999999999999994,-0.8660254037844388,0.0,121.0,173.55,11.0,3.700909090909091,4.959059294957975,0.42,18.0,2.95,374.45454545454544
12471.0,24,4,3874.36,0.5419481415766431,-0.8024611662243183,0.0,386.5,968.59,18.75,7.605589046493302,4.037553724766739,0.21,18.0,2.1,453.60526315789474
12472.0,36,1,1631.3,-0.4999999999999997,-0.8660254037844388,1.0,972.0,1631.3,70.0,2.400142857142857,2.9545143512529823,0.12,18.0,1.65,485.9
12476.0,27,1,12.45,-0.4999999999999997,-0.8660254037844388,0.0,2.0,12.45,2.0,6.225,3.2173358543987907,3.95,8.5,6.225,103.0
12480.0,2,1,816.25,-0.7071067811865471,-0.7071067811865479,0.0,367.0,816.25,42.0,2.880952380952381,2.8715372015901424,0.85,18.0,2.175,319.4761904761905
12481.0,3,3,1394.43,0.1851025788209007,-0.8245683718023803,0.0,244.0,464.81,15.333333333333334,4.594416666666667,5.25534173568886,0.19,18.0,1.65,430.95652173913044
12483.0,6,1,547.56,-0.4999999999999997,-0.8660254037844388,0.0,293.0,547.56,13.0,4.423076923076923,10.743935797009232,0.19,40.0,1.65,534.0
12484.0,3,1,1138.67,-0.4999999999999997,-0.8660254037844388,0.0,630.0,1138.67,98.0,2.9248979591836735,3.5070410016734153,0.19,28.0,1.7999999999999998,435.2857142857143
12489.0,3,1,334.93,-0.2588190451025208,-0.9659258262890683,0.0,105.0,334.93,15.0,5.908,5.402178396588863,0.42,18.0,3.35,210.46666666666667
12494.0,25,2,62.55,0.258819045102521,-0.9659258262890682,0.0,6.0,31.275,2.0,6.141666666666667,7.529995573261204,1.65,18.0,6.949999999999999,258.5
12501.0,3,1,2169.39,1.2246467991473532e-16,-1.0,0.0,1783.0,2169.39,149.0,2.4126845637583894,2.783473581131085,0.19,18.0,1.49,312.7315436241611
12515.0,19,1,383.7,-0.7071067811865471,-0.7071067811865479,0.0,131.0,383.7,16.0,6.78125,8.590690212860276,0.55,35.0,3.95,449.0
12530.0,3,1,387.40000000000003,0.49999999999999994,-0.8660254037844387,0.0,95.0,387.40000000000003,13.0,6.623076923076923,9.739623011711307,0.65,34.95,2.95,700.7692307692307
12540.0,28,1,881.01,0.7071067811865476,-0.7071067811865475,0.0,300.0,881.01,20.0,4.857,6.5553899879974225,0.29,28.0,2.75,798.7
12551.0,24,1,168.0,0.258819045102521,-0.9659258262890681,0.0,100.0,168.0,10.0,1.6800000000000002,0.3198958163736021,1.25,1.95,1.7999999999999998,755.3
12557.0,38,1,620.0,1.2246467991473532e-16,-1.0,0.0,400.0,620.0,5.0,1.5699999999999998,0.10954451150103316,1.45,1.65,1.65,686.0
12567.0,34,2,1942.38,0.3169349378489015,-0.9418534353240973,0.7590361445783133,389.0,971.19,41.5,4.109535714285714,4.96016401390374,0.21,42.95,2.95,340.7469879518072
12577.0,25,1,195.89,-0.8660254037844384,-0.5000000000000004,0.0,134.0,195.89,67.0,1.7570149253731344,1.2117080543038274,0.29,6.75,1.25,269.02985074626866
12583.0,3,2,1586.02,0.4123930494211614,-0.7619047619047619,0.0,470.0,793.01,21.0,2.909295454545455,3.8067718078385813,0.19,18.0,1.65,579.0
12585.0,18,1,1262.85,1.2246467991473532e-16,-1.0,0.0,872.0,1262.85,65.0,2.8266153846153843,3.8197019177397356,0.29,18.0,1.45,486.2769230769231
12600.0,24,2,274.8,0.5050762722761054,-0.7907905579903911,0.0,37.0,137.4,3.5,8.4375,8.916637716185363,1.65,18.0,5.95,708.0
12621.0,24,2,1383.65,0.21875000000000006,-0.941386114155692,0.0,277.5,691.825,16.0,3.821468253968254,4.53452255608962,0.19,18.0,1.875,607.71875
12647.0,24,4,1193.6,-0.2021276595744679,-0.9458400568490285,0.40425531914893614,82.25,298.4,11.75,7.596089572192513,6.101637415988591,0.0,18.0,4.25,245.9787234042553
12651.0,1,1,114.0,1.2246467991473532e-16,-1.0,1.0,78.0,114.0,9.0,2.244444444444445,1.9853281284910507,0.65,5.95,1.25,294.8888888888889
12662.0,40,1,261.48,-0.2588190451025208,-0.9659258262890683,0.0,157.0,261.48,15.0,2.958,4.274696647549558,0.42,18.0,1.65,544.0666666666667
12668.0,22,1,469.87,1.2246467991473532e-16,-1.0,1.0,337.0,469.87,24.0,3.0525,4.248401489665414,0.19,18.0,1.47,416.375
12678.0,20,2,221.28,-0.3482361909794956,-0.8860054882853646,0.0,13.0,110.64,2.5,78.17375,7.79876218810823,1.49,150.0,2.95,329.0
12681.0,5,3,2674.18,-0.0245901639344261,-0.9033625863363165,0.0,517.0,891.3933333333333,40.666666666666664,2.825798050408539,3.4459263626148964,0.19,18.0,1.65,448.3114754098361
12682.0,4,3,1910.4,-0.4566416260858462,-0.883985030302125,0.0,283.0,636.8000000000001,29.666666666666668,3.4105214646464646,3.7776900948263807,0.42,18.0,1.65,533.9550561797753
12683.0,32,2,1063.08,0.12037037037037045,-0.9677468564666242,0.0,332.0,531.54,27.0,3.318630393996248,4.0837311086381325,0.42,18.0,1.65,353.8703703703704
12686.0,38,1,89.14,0.7071067811865476,-0.7071067811865474,0.0,107.0,89.14,7.0,3.2585714285714285,6.513942555706769,0.42,18.0,0.85,430.2857142857143
12691.0,23,1,180.0,-0.4999999999999997,-0.8660254037844389,0.0,65.0,180.0,5.0,6.7,6.761656601750786,1.65,18.0,2.95,607.4
12705.0,23,1,858.0,-0.7071067811865471,-0.7071067811865479,0.0,397.0,858.0,30.0,3.655666666666667,4.217847697037234,0.42,18.0,1.95,664.2333333333333
12708.0,35,1,196.44,0.49999999999999994,-0.8660254037844387,0.0,89.0,196.44,14.0,3.452142857142857,4.372445502270974,0.85,18.0,2.12,457.5
12709.0,24,2,1315.69,0.35355339059327384,-0.8535533905932737,0.0,136.0,657.845,7.0,6.429285714285714,5.731080593436772,0.21,18.0,5.85,306.5
12712.0,32,2,470.63,-0.08264952519361332,-0.9209706361619849,0.0,72.0,235.315,10.0,5.27520202020202,5.203017570160623,0.65,18.0,2.95,228.45
12720.0,24,2,657.13,-0.4714045207910314,-0.8047378541243654,0.6666666666666666,261.5,328.565,22.5,2.7006666666666668,4.093711444385917,0.19,18.0,1.25,565.1333333333333
12721.0,21,1,286.6,0.258819045102521,-0.9659258262890682,0.0,129.0,286.6,15.0,3.9166666666666665,4.416999089017447,0.85,18.0,1.95,648.3333333333334
12725.0,37,1,427.8,-0.7071067811865471,-0.7071067811865479,0.0,164.0,427.8,24.0,4.104166666666667,5.296202837198895,0.65,28.0,3.6,169.83333333333334
12726.0,24,1,170.28,1.2246467991473532e-16,-1.0,0.0,333.0,170.28,6.0,3.765,6.9916342867744445,0.19,18.0,1.05,937.3333333333334
12731.0,31,1,1071.9,0.49999999999999994,-0.8660254037844387,0.0,418.0,1071.9,16.0,3.65625,4.436304580766895,0.42,18.0,1.5699999999999998,733.375
12734.0,19,1,110.39999999999999,1.2246467991473532e-16,-1.0,0.0,88.0,110.39999999999999,4.0,1.185,0.8833459118601275,0.42,1.95,1.185,230.25
12735.0,4,1,319.77,-0.4999999999999998,-0.8660254037844388,0.0,263.0,319.77,22.0,4.297727272727273,5.629400654741295,0.29,18.0,1.65,444.59090909090907
12738.0,38,1,155.35,-1.0,-1.8369701987210297e-16,0.0,148.0,155.35,11.0,3.95,5.754172399224758,0.55,18.0,0.85,1137.2727272727273
12747.0,28,2,706.27,-0.06331649788705536,-0.791863379905423,0.4666666666666667,106.5,353.135,7.5,3.6242857142857146,2.0688844696683613,1.65,7.95,2.55,740.5333333333333
12748.0,4,37,4479.43,-0.2178333291528822,-0.8265150692696538,0.2844574780058651,78.83783783783784,121.06567567567568,17.56756756756757,3.1072101776861536,1.7552018270507292,0.12,16.95,1.65,324.2859237536657
12753.0,29,1,3590.59,0.258819045102521,-0.9659258262890682,1.0,2409.0,3590.59,48.0,1.9158333333333335,1.3335935029857013,0.36,5.95,1.65,219.72916666666666
12755.0,32,1,3794.3999999999996,0.49999999999999994,-0.8660254037844387,0.0,1488.0,3794.3999999999996,1.0,2.55,0.0,2.55,2.55,2.55,1890.0
12763.0,35,1,320.08,-0.7071067811865471,-0.7071067811865479,1.0,196.0,320.08,16.0,1.811875,1.4169649195845793,0.42,4.25,1.45,290.75
12766.0,33,1,1149.29,-0.2588190451025208,-0.9659258262890683,0.0,424.0,1149.29,53.0,3.6267924528301885,4.041513793686387,0.42,28.0,2.55,264.0377358490566
12779.0,38,1,248.16,-0.2588190451025208,-0.9659258262890683,0.0,140.0,248.16,8.0,2.37375,2.5209858474130993,0.85,8.5,1.45,737.375
12782.0,24,1,463.5,0.258819045102521,-0.9659258262890682,0.0,193.0,463.5,22.0,3.8372727272727274,5.619031590702798,0.42,28.0,2.95,573.5909090909091
12785.0,31,1,311.95,-0.2588190451025208,-0.9659258262890683,0.0,131.0,311.95,14.0,4.828571428571428,7.792839767912057,1.25,28.0,1.95,700.5714285714286
12791.0,40,1,192.60000000000002,0.258819045102521,-0.9659258262890682,0.0,97.0,192.60000000000002,2.0,8.425,9.2984541726031,1.85,15.0,8.425,856.0
12793.0,1,2,545.48,-0.20623947784607619,-0.9145728111794099,0.7083333333333334,147.5,272.74,12.0,4.373445378151261,8.180618745857643,0.85,28.0,1.65,412.8333333333333
12797.0,32,1,254.03,0.49999999999999994,-0.8660254037844387,0.0,118.0,254.03,13.0,5.143846153846154,7.411224076203088,0.42,28.0,1.65,470.61538461538464
12808.0,35,1,129.4,0.49999999999999994,-0.8660254037844387,0.0,53.0,129.4,7.0,5.728571428571429,9.83055852698009,1.65,28.0,1.95,455.14285714285717
12826.0,31,1,155.0,-0.7071067811865471,-0.7071067811865479,0.0,80.0,155.0,9.0,2.4722222222222223,1.2920698295542872,0.85,4.65,2.95,737.7777777777778
12829.0,3,2,293.0,-0.08609870267135204,-0.9205165433324184,0.0,188.0,146.5,5.5,10.274999999999999,13.772566893300965,0.19,39.95,6.75,239.0
12838.0,40,1,390.79,0.258819045102521,-0.9659258262890682,0.0,228.0,390.79,59.0,1.9733898305084747,1.7589471872347404,0.29,8.5,1.65,623.9661016949152
12839.0,23,2,737.45,-0.8120334210929746,-0.5253685098011314,0.0,219.0,368.725,18.0,2.198545454545455,1.4877783481651645,0.85,7.95,1.65,914.5405405405405
12841.0,4,3,730.1,0.06337422316172558,-0.9444071043589393,0.30666666666666664,138.0,243.36666666666667,25.0,2.8753614561766736,2.2489041629191537,0.42,9.95,2.55,360.4
12855.0,39,1,38.1,0.7071067811865476,-0.7071067811865475,0.0,30.0,38.1,3.0,1.55,1.2124355652982142,0.85,2.95,0.85,440.3333333333333
12867.0,26,1,362.79,-0.8660254037844384,-0.5000000000000004,0.0,377.0,362.79,53.0,1.1885185185185183,1.2746681512758566,0.42,7.95,0.85,714.5555555555555
12868.0,40,1,203.3,1.2246467991473532e-16,-1.0,0.0,112.0,203.3,12.0,3.170833333333333,2.2013898846507005,0.65,6.75,2.5250000000000004,444.25
12872.0,31,1,378.53000000000003,-0.4999999999999997,-0.8660254037844388,0.0,203.0,378.53000000000003,38.0,2.61,2.2158361242947837,0.55,9.95,1.95,690.8684210526316
12875.0,29,1,293.76000000000005,1.2246467991473532e-16,-1.0,1.0,1728.0,293.76000000000005,1.0,0.17,0.0,0.17,0.17,0.17,1776.0
12877.0,25,1,150.06,1.2246467991473532e-16,-1.0,0.0,170.0,150.06,14.0,1.7992857142857144,2.7390072999192587,0.21,9.95,0.85,317.2142857142857
12913.0,34,1,417.62,-0.8660254037844384,-0.5000000000000004,0.0,146.0,417.62,4.0,3.06,1.6441005646452005,1.69,5.45,2.55,1493.25
12915.0,39,1,199.65,1.2246467991473532e-16,-1.0,0.0,41.0,199.65,13.0,7.6923076923076925,3.574029364377956,1.95,12.75,8.5,192.23076923076923
12921.0,5,3,1169.5,0.09500093838410673,-0.8662598241427903,0.0,241.33333333333334,389.8333333333333,19.666666666666668,2.24125,1.4623199591213771,0.55,9.95,1.95,808.0169491525423
12928.0,25,1,392.34000000000003,-0.7071067811865471,-0.7071067811865479,0.0,250.0,392.34000000000003,17.0,2.1535294117647057,1.3881414786346102,0.42,4.95,1.65,794.8235294117648
12931.0,23,2,177.0,-0.1464466094067262,-0.35355339059327384,0.0,110.0,88.5,1.0,1.185,0.0,0.72,1.65,1.185,2403.5
12939.0,1,1,1933.2,0.258819045102521,-0.9659258262890682,1.0,552.0,1933.2,6.0,3.533333333333333,0.35109352979892217,3.39,4.25,3.39,699.3333333333334
12942.0,32,1,258.75,0.7071067811865476,-0.7071067811865475,0.0,69.0,258.75,16.0,5.471875,3.6198051858260736,0.85,12.75,4.800000000000001,306.0625
12944.0,21,1,286.95,0.49999999999999994,-0.8660254037844387,0.0,145.0,286.95,14.0,3.3285714285714287,3.0986792649148422,0.65,9.95,2.25,480.07142857142856
12947.0,3,2,605.7,-0.10329464743486944,-0.6004154090601445,0.0,209.5,302.85,16.5,3.9390441176470583,9.489605442014579,0.42,65.0,1.45,298.75757575757575
12957.0,6,1,413.68,1.2246467991473532e-16,-1.0,0.0,352.0,413.68,29.0,2.9686206896551726,3.000088955988199,0.21,9.95,1.65,281.48275862068965
12963.0,32,1,365.8,0.7071067811865476,-0.7071067811865475,0.0,172.0,365.8,16.0,2.840625,2.216921194660138,1.25,7.95,2.025,451.8125
12967.0,24,2,1660.9,0.35488939013904947,-0.5037539756520069,0.0,219.0,830.45,9.5,5.476666666666667,4.796273354932775,0.65,29.95,3.75,316.2631578947368
12971.0,1,7,646.49,-0.3914539613699205,-0.7278920327297076,0.07142857142857142,139.28571428571428,92.35571428571428,4.0,1.93308843537415,1.1231827496154312,0.25,5.95,1.25,483.14285714285717
12980.0,25,1,889.32,0.258819045102521,-0.9659258262890682,0.0,100.0,889.32,3.0,14.33,17.86855338296864,3.39,34.95,4.65,184.33333333333334
12989.0,31,1,202.5,-0.2588190451025208,-0.9659258262890683,0.0,30.0,202.5,1.0,6.75,0.0,6.75,6.75,6.75,260.0
13000.0,31,1,201.75,0.49999999999999994,-0.8660254037844388,0.0,77.0,201.75,11.0,4.163636363636364,2.7539145692169638,0.65,7.95,3.45,970.0
13004.0,24,1,357.01,0.8660254037844387,-0.4999999999999998,0.0,255.0,357.01,23.0,3.242608695652174,3.0730444149547504,0.21,9.95,1.45,527.8695652173913
13011.0,38,1,50.550000000000004,-0.9659258262890683,-0.25881904510252063,0.0,13.0,50.550000000000004,3.0,4.216666666666667,1.5534906930308057,2.95,5.95,3.75,310.6666666666667
13013.0,38,2,1528.34,1.2246467991473532e-16,-1.0,0.0,401.0,764.1700000000001,33.5,3.003970054446461,2.867942450855826,0.42,12.75,1.95,528.1492537313433
13021.0,25,1,157.35000000000002,0.49999999999999994,-0.8660254037844387,0.0,57.0,157.35000000000002,7.0,3.992857142857143,2.2006492548466565,1.25,7.95,3.75,824.0
13027.0,21,1,1440.0,1.2246467991473532e-16,-1.0,0.0,3600.0,1440.0,6.0,0.4000000000000001,0.0,0.4,0.4,0.4,1843.6666666666667
13029.0,20,1,382.5,-0.2588190451025208,-0.9659258262890683,0.0,30.0,382.5,1.0,12.75,0.0,12.75,12.75,12.75,72.0
13030.0,35,1,427.74,-0.4999999999999997,-0.8660254037844388,0.0,204.0,427.74,50.0,3.1286666666666667,3.0203235131842727,0.29,14.95,1.95,292.26666666666665
13033.0,24,1,190.55,-0.4999999999999998,-0.8660254037844388,0.0,83.0,190.55,11.0,2.640909090909091,1.3070612422182408,1.95,5.95,1.95,695.3636363636364
13034.0,35,1,165.86,-0.4999999999999998,-0.8660254037844388,1.0,116.0,165.86,11.0,1.6827272727272728,0.785825564729106,0.42,2.95,1.65,600.1818181818181
13047.0,40,3,366.63,0.8660254037844387,-0.4999999999999998,0.0,33.666666666666664,122.21000000000002,5.666666666666667,5.192777777777778,1.5614643281863887,1.65,9.95,4.95,319.1764705882353
13050.0,21,4,1199.8700000000001,0.32669029797598004,-0.7877176767072169,0.0,187.25,299.9675,17.25,3.743672331871345,4.725766344863782,0.42,39.95,1.65,603.0579710144928
13065.0,39,1,205.86,-0.8660254037844384,-0.5000000000000004,0.0,74.0,205.86,14.0,5.222142857142857,3.9134053213015396,0.42,12.75,3.6,756.6428571428571
13069.0,1,5,985.06,0.24901787705711342,-0.9468912288192097,0.6929824561403509,199.4,197.012,22.4,1.7291727243743025,1.1490972989020758,0.19,9.95,1.25,442.67543859649123
13077.0,32,1,313.72,-0.4999999999999997,-0.8660254037844387,0.0,303.0,313.72,14.0,2.3942857142857146,1.8776282678123253,0.12,5.45,2.95,452.85714285714283
13078.0,26,2,881.16,0.7071067811865476,-0.7071067811865475,0.0,143.0,440.58,14.5,4.238,2.5306316374318847,0.42,8.5,3.75,285.62068965517244
13081.0,3,3,5894.42,-0.8961994089491021,-0.42715350750035347,0.0,1332.0,1964.8066666666666,81.66666666666667,1.9635768645357687,1.9691371782118559,0.0,10.95,1.65,412.3469387755102
13082.0,4,1,379.44,-0.7071067811865471,-0.7071067811865479,0.0,1032.0,379.44,7.0,1.1285714285714286,1.005525212205518,0.16,2.55,0.85,508.85714285714283
13089.0,4,11,7738.67,-0.04870249325689679,-0.8821983163036701,0.012578616352201259,378.90909090909093,703.5154545454545,14.454545454545455,2.9470490881667355,2.36619961817959,0.19,12.75,1.49,662.3144654088051
13090.0,31,3,1008.4,0.3747097376714794,-0.5669095225512604,0.0,65.66666666666667,336.1333333333333,2.6666666666666665,7.599999999999999,1.9283395784135595,0.85,15.0,4.25,377.875
13092.0,26,1,185.45,1.2246467991473532e-16,-1.0,0.0,31.0,185.45,7.0,6.807142857142857,3.0783421635988537,2.95,9.95,8.95,94.57142857142857
13093.0,3,4,5169.97,-0.14763767958839977,-0.7071067811865478,0.0,682.5,1292.4925,22.75,3.50101076007326,3.3246086957720813,0.21,14.95,1.65,611.967032967033
13094.0,3,3,376.32000000000005,0.2267949192431123,-0.792820323027551,0.0,112.0,125.44000000000001,1.6666666666666667,1.1066666666666667,0.24248711305964277,1.06,1.48,1.06,1236.6
13097.0,4,2,1076.19,0.40794621991531604,-0.7071067811865475,0.0,217.0,538.095,26.0,4.721518847006652,3.4616902944877186,0.42,16.95,3.75,247.09615384615384
13102.0,1,3,975.1999999999999,-0.15263687275276863,-0.9799049744781686,0.41025641025641024,206.66666666666666,325.06666666666666,13.0,2.460473484848485,1.9524137582622967,0.29,8.5,1.95,630.8461538461538
13104.0,21,1,101.76,0.258819045102521,-0.9659258262890682,0.0,96.0,101.76,1.0,1.06,0.0,1.06,1.06,1.06,620.0
13108.0,39,1,350.06,0.4999999999999999,-0.8660254037844387,0.0,298.0,350.06,10.0,1.752,2.403038816905702,0.42,8.5,1.05,899.7
13113.0,33,1,372.96999999999997,-0.2588190451025208,-0.9659258262890683,0.0,105.0,372.96999999999997,10.0,3.2039999999999997,3.21120330509712,0.85,10.95,1.7999999999999998,573.9
13117.0,31,2,388.15,-0.36085714140530034,-0.9236602629217251,0.0,107.5,194.075,13.0,4.660878787878788,5.44816461028738,0.21,35.95,1.67,361.03846153846155
13124.0,25,1,1256.32,-0.7071067811865471,-0.7071067811865479,0.0,930.0,1256.32,61.0,2.422459016393443,2.748524850253135,0.29,16.95,1.65,396.1311475409836
13126.0,5,3,547.31,0.5191151499255042,-0.8156438001005077,0.0,128.33333333333334,182.43666666666664,10.333333333333334,1.9598148148148147,1.8977334055416046,0.21,9.95,1.49,377.8709677419355
13138.0,38,1,193.23,-0.7071067811865471,-0.7071067811865479,0.0,125.0,193.23,14.0,2.7657142857142856,2.226206550254402,0.42,7.95,1.775,293.42857142857144
13140.0,32,1,159.51,-0.7071067811865471,-0.7071067811865479,0.0,75.0,159.51,15.0,2.156875,1.7536275497759872,0.65,7.95,1.69,629.1875
13145.0,38,1,295.0,-1.0,-1.8369701987210297e-16,0.0,1.0,295.0,1.0,295.0,0.0,295.0,295.0,295.0,12.0
13148.0,31,1,309.40000000000003,-0.2588190451025208,-0.9659258262890683,0.0,178.0,309.40000000000003,18.0,3.0,2.641452363423443,0.42,9.95,1.69,795.6666666666666
13155.0,35,1,379.7,1.2246467991473532e-16,-1.0,0.0,168.0,379.7,51.0,2.9140384615384614,2.446901409598602,0.42,12.75,2.25,355.8269230769231
13162.0,1,1,753.26,0.5,-0.8660254037844387,1.0,942.0,753.26,37.0,1.135945945945946,1.600290701819619,0.19,9.95,0.85,325.8918918918919
13165.0,18,1,354.64,-0.4999999999999997,-0.8660254037844388,0.0,496.0,354.64,13.0,0.8115384615384615,0.5094906959216913,0.19,1.95,0.85,340.38461538461536
13173.0,34,1,165.94,-0.49999999999999967,-0.8660254037844389,0.0,114.0,165.94,23.0,2.6495652173913045,2.1035305349489106,0.21,5.95,1.95,551.8260869565217
13174.0,35,1,1415.97,-0.8660254037844384,-0.5000000000000004,1.0,700.0,1415.97,122.0,3.0754437869822486,4.680318843252013,0.42,49.95,1.95,375.4674556213018
13178.0,27,1,710.0,1.2246467991473532e-16,-1.0,0.0,388.0,710.0,32.0,1.925,0.9621883659725383,0.85,5.95,1.95,718.5
13183.0,1,1,625.04,0.5,-0.8660254037844387,1.0,400.0,625.04,20.0,1.4289999999999998,0.3399984520088599,1.25,2.55,1.25,270.85
13187.0,3,1,236.02,-1.0,-1.8369701987210297e-16,0.0,95.0,236.02,37.0,3.765405405405405,3.15999085318173,0.85,12.75,2.55,336.94594594594594
13198.0,28,1,384.55,0.7071067811865476,-0.7071067811865475,0.0,270.0,384.55,24.0,3.0083333333333333,2.7298808170618583,0.29,10.95,2.325,481.5
13199.0,5,3,911.24,-0.1552029300157723,-0.8813946995543819,0.0,294.6666666666667,303.74666666666667,4.333333333333333,1.8848809523809524,1.2886372657153748,0.29,4.95,1.25,822.4615384615385
13209.0,28,1,318.85,0.49999999999999994,-0.8660254037844387,0.0,117.0,318.85,13.0,4.653846153846154,4.050126620369497,0.95,12.75,2.95,1010.9230769230769
13211.0,27,1,110.7,-0.8660254037844384,-0.5000000000000004,0.0,46.0,110.7,2.0,2.0,0.7778174593052021,1.45,2.55,2.0,1141.5
13221.0,26,1,498.16,-0.2588190451025208,-0.9659258262890682,0.0,153.0,498.16,35.0,5.008,3.2510819918370344,0.42,12.75,4.25,185.45714285714286
13225.0,4,2,2470.44,-0.3416480087941098,-0.5690355937288495,0.0,654.0,1235.22,6.0,2.54375,1.424585526999595,1.25,6.75,1.69,540.25
13230.0,31,1,93.45,-0.9659258262890684,0.2588190451025203,0.0,33.0,93.45,13.0,3.0153846153846158,2.2135364441869014,0.85,7.95,2.1,655.8461538461538
13233.0,2,1,304.24,-0.49999999999999967,-0.8660254037844388,0.0,404.0,304.24,17.0,0.9541176470588235,0.5681775561337473,0.19,1.95,1.25,371.1764705882353
13238.0,26,1,91.15,-0.4999999999999997,-0.8660254037844389,0.0,33.0,91.15,5.0,5.709999999999999,5.242899960899502,1.95,12.75,1.95,1137.6
13240.0,32,1,224.07,1.2246467991473532e-16,-1.0,0.0,131.0,224.07,21.0,2.7752380952380955,1.9065325044373596,0.29,8.5,2.55,151.0952380952381
13253.0,5,1,476.48,-0.7071067811865471,-0.7071067811865479,0.0,624.0,476.48,16.0,1.8512499999999998,2.3684731368542056,0.21,9.95,1.25,289.1875
13255.0,40,1,225.7,0.258819045102521,-0.9659258262890682,0.0,110.0,225.7,6.0,4.55,4.228947859692762,1.25,9.95,2.45,588.3333333333334
13267.0,27,2,622.3000000000001,0.527791686752937,-0.8106343992275558,0.0,127.0,311.15,12.5,4.163333333333333,3.5590365493780873,0.65,12.75,2.55,751.76
13269.0,27,2,662.1700000000001,-0.17479183781320512,-0.9088398705721372,0.42857142857142855,213.5,331.08500000000004,14.0,2.7991666666666664,2.240746534765225,0.21,8.5,1.95,671.75
13270.0,32,1,590.0,-0.4999999999999997,-0.8660254037844388,0.0,200.0,590.0,1.0,2.95,0.0,2.95,2.95,2.95,440.0
13280.0,3,1,307.35,-0.9659258262890683,-0.25881904510252063,0.0,109.0,307.35,32.0,3.5432432432432432,2.5229822015204917,0.55,10.95,2.95,461.9189189189189
13295.0,26,1,201.20000000000002,0.258819045102521,-0.9659258262890681,0.0,82.0,201.20000000000002,10.0,3.4899999999999998,2.548071165934474,1.65,8.5,2.5250000000000004,582.4
13304.0,18,1,300.42,-0.4999999999999997,-0.8660254037844388,0.0,238.0,300.42,21.0,3.161904761904762,3.4584253917753074,0.29,14.95,1.95,609.3809523809524
13305.0,39,1,136.2,1.2246467991473532e-16,-1.0,0.0,132.0,136.2,5.0,1.09,0.3577708763999663,0.85,1.65,0.85,292.4
13313.0,6,1,307.3,0.5,-0.8660254037844387,0.0,171.0,307.3,17.0,2.2376470588235295,0.9829072273857073,0.42,4.25,2.55,838.8235294117648
13317.0,25,2,238.05,0.7071067811865476,-0.7071067811865474,0.0,46.5,119.025,7.0,3.958333333333333,3.7887585685171894,0.55,19.95,2.95,442.2142857142857
13319.0,6,5,2061.9700000000003,0.1581280083278215,-0.9315514873627442,0.0,182.0,412.39400000000006,18.6,3.498324074074074,1.9158960322926257,0.42,12.75,2.95,820.6451612903226
13324.0,27,1,650.1,0.7071067811865476,-0.7071067811865475,0.0,210.0,650.1,5.0,4.39,3.864324002979046,1.25,10.95,2.55,807.0
13327.0,31,2,745.0,-0.7071067811865471,-0.7071067811865479,0.0,138.0,372.5,10.5,2.4027777777777777,1.061169349578539,0.85,7.95,2.1,1201.4761904761904
13329.0,33,1,304.2,0.49999999999999994,-0.8660254037844387,0.0,175.0,304.2,7.0,2.617142857142857,3.7798885093157364,0.42,10.95,1.25,990.7142857142857
13368.0,4,1,35.400000000000006,1.2246467991473532e-16,-1.0,0.0,12.0,35.400000000000006,1.0,2.95,0.0,2.95,2.95,2.95,1206.0
13369.0,32,1,308.28000000000003,0.258819045102521,-0.9659258262890683,0.0,149.0,308.28000000000003,14.0,6.5442857142857145,12.751346664499469,0.42,50.0,3.35,500.92857142857144
13370.0,38,1,754.87,0.5,-0.8660254037844387,0.0,343.0,754.87,39.0,3.7279487179487183,3.060218584803156,0.29,12.75,2.95,603.9230769230769
13397.0,6,1,299.92,-0.2588190451025208,-0.9659258262890683,0.0,88.0,299.92,8.0,3.535,0.7791387186227772,2.55,4.95,3.5700000000000003,617.125
13402.0,38,1,308.28000000000003,-0.9659258262890683,-0.25881904510252063,0.0,190.0,308.28000000000003,17.0,2.7317647058823527,2.6397164509046176,0.42,8.5,1.95,500.3529411764706
13408.0,3,6,3335.4,0.10456582266950769,-0.7574139453642877,0.0,337.3333333333333,555.9,7.333333333333333,2.1448821548821546,1.783164189244632,0.42,10.95,1.65,847.75
13418.0,26,5,1579.62,0.29448904265765596,-0.8662135779496462,0.0,122.8,315.924,9.8,4.598030303030303,12.12711645827315,0.19,125.0,2.95,567.6326530612245
13426.0,3,2,639.4300000000001,0.186026188667437,-0.9755091876452677,0.0,241.5,319.71500000000003,16.0,1.5566666666666666,1.0611275565123623,0.42,4.95,0.85,320.15625
13448.0,31,3,829.5400000000001,0.029411764705882464,-0.8660254037844387,0.0,110.66666666666667,276.5133333333333,11.333333333333334,2.5547426470588235,1.6698566762672495,0.29,8.5,2.325,632.0294117647059
13455.0,33,1,692.94,-0.2588190451025208,-0.9659258262890683,0.0,190.0,692.94,30.0,4.935666666666666,3.387966212563411,1.49,12.75,3.75,263.1333333333333
13458.0,4,2,2675.04,0.16526999265582673,-0.9782417926906097,0.0,725.0,1337.52,41.5,2.3980094339622644,1.7677915330663723,0.19,9.95,1.69,708.7469879518072
13468.0,25,4,911.0,-0.24241585657015724,-0.868258262099438,0.0,78.5,227.75,13.25,4.921431704260652,3.9284859479354024,0.85,12.75,3.75,490.22641509433964
13487.0,19,1,193.15,-0.4999999999999998,-0.8660254037844388,0.0,85.0,193.15,11.0,3.5136363636363637,2.9159124565983547,1.25,9.95,1.95,988.7272727272727
13488.0,34,1,1381.92,-0.2588190451025208,-0.9659258262890683,0.0,516.0,1381.92,45.0,3.4286666666666665,2.6004777533089083,0.55,9.95,2.55,527.0222222222222
13491.0,26,2,196.4,-0.0833333333333332,-0.8660254037844388,0.0,27.0,98.2,6.0,5.533571428571428,2.6563434075383103,1.25,9.95,4.95,265.9166666666667
13495.0,26,2,865.4300000000001,-0.3558610261723405,-0.8012227975874644,0.0,188.5,432.71500000000003,11.0,2.341875,1.4422623564896813,0.42,4.95,2.1,850.9545454545455
13496.0,26,1,501.01,0.49999999999999994,-0.8660254037844387,0.0,229.0,501.01,26.0,3.7176923076923076,3.5667792841075068,0.42,12.75,2.3200000000000003,496.8076923076923
13497.0,35,1,153.5,0.258819045102521,-0.9659258262890682,0.0,54.0,153.5,9.0,3.9166666666666665,2.2961925006410073,0.85,6.95,3.75,285.0
13506.0,36,1,301.12,1.2246467991473532e-16,-1.0,1.0,232.0,301.12,17.0,2.834705882352941,2.707392928739424,0.29,9.95,1.45,935.7058823529412
13520.0,38,1,303.4,0.49999999999999994,-0.8660254037844387,0.0,110.0,303.4,6.0,9.241666666666667,15.2739129454985,1.25,40.0,2.3,609.8333333333334
13523.0,33,1,566.95,-0.4999999999999997,-0.8660254037844388,0.0,365.0,566.95,30.0,3.380333333333333,2.905269271552963,0.42,10.95,2.95,468.56666666666666
13531.0,32,1,305.45,-0.7071067811865471,-0.7071067811865479,0.0,103.0,305.45,15.0,4.84,3.929340184523896,1.25,12.75,2.1,726.6666666666666
13534.0,3,3,471.2,-0.3535533905932735,-0.8535533905932741,0.0,72.0,157.06666666666666,7.333333333333333,3.540909090909091,0.9431732383691543,1.25,7.95,1.95,688.7272727272727
13564.0,20,2,1198.38,-0.9159756150367534,-0.37940952255126054,0.0,330.0,599.19,39.0,3.658658536585366,3.139230470381529,0.36,12.75,2.95,637.170731707317
13565.0,1,1,110.17999999999999,-0.4999999999999997,-0.8660254037844388,1.0,78.0,110.17999999999999,13.0,1.576153846153846,0.9587625571671231,0.65,4.25,1.25,207.07692307692307
13569.0,34,1,118.32,1.2246467991473532e-16,-1.0,0.0,44.0,118.32,23.0,3.3716666666666666,2.1611302732530993,0.42,8.5,2.95,388.5833333333333
13576.0,3,2,972.83,-0.6898216329325833,-0.6186450354325461,0.0,198.0,486.415,13.5,2.740681818181818,1.6303875386263758,0.55,5.95,2.1,349.1111111111111
13579.0,35,1,164.70000000000002,-0.8660254037844384,-0.5000000000000004,1.0,46.0,164.70000000000002,9.0,4.583333333333333,2.5498774480354935,1.65,8.95,4.65,554.6666666666666
13593.0,2,1,559.85,-0.8660254037844383,-0.5000000000000004,0.0,199.0,559.85,39.0,4.607692307692308,2.9548251898943207,0.65,12.75,4.65,574.1794871794872
13599.0,3,3,721.98,0.0821553449738875,-0.8110151113467072,0.0,169.0,240.66,8.666666666666666,1.6087464387464385,0.994849661597199,0.42,5.45,1.25,420.6923076923077
13611.0,26,1,303.15000000000003,0.49999999999999994,-0.8660254037844387,0.0,183.0,303.15000000000003,15.0,2.24,1.129506845612595,0.85,4.95,2.55,620.5333333333333
13627.0,24,1,311.19,0.7071067811865476,-0.7071067811865475,0.0,197.0,311.19,20.0,2.7105,2.0929618272979362,0.29,7.95,2.3,410.35
13629.0,5,1,660.0,1.2246467991473532e-16,-1.0,0.0,400.0,660.0,3.0,1.6499999999999997,0.0,1.65,1.65,1.65,1953.0
13649.0,32,1,197.8,-0.4999999999999997,-0.8660254037844388,0.0,67.0,197.8,15.0,3.52,3.047352480901601,0.85,12.75,2.95,568.0
13652.0,35,1,308.8,0.7071067811865476,-0.7071067811865475,0.0,112.0,308.8,18.0,3.9027777777777777,2.2209876063842455,1.25,7.95,3.6,637.1666666666666
13656.0,3,1,162.70000000000002,-0.7071067811865471,-0.707106781186548,0.0,113.0,162.70000000000002,31.0,1.6909677419354838,0.9424413503898963,0.42,4.25,1.25,316.5806451612903
13668.0,1,2,386.22,0.16346466006475016,-0.978479469235201,1.0,66.5,193.11,18.5,3.237529761904762,1.8123179744868305,1.25,7.95,2.325,676.1842105263158
13680.0,4,2,2391.59,-0.3499999999999998,-0.9062177826491072,0.0,597.5,1195.795,35.0,2.371904761904762,1.751737717611907,0.42,7.95,1.9,596.1714285714286
13694.0,5,3,4076.64,-0.3932903340806193,-0.5256716824803321,0.0,1860.0,1358.8799999999999,23.0,1.3739770531400968,1.443360760079475,0.19,7.95,0.85,422.27536231884056
13705.0,40,1,318.14,0.4999999999999999,-0.8660254037844387,0.0,103.0,318.14,10.0,18.398999999999997,51.534846991569154,0.65,165.0,1.47,457.5
13715.0,5,4,941.85,0.13392145419347,-0.9226804123711341,0.30927835051546393,117.0,235.46250000000003,23.75,3.345450928381963,1.5996725608835638,0.42,7.95,1.65,426.35051546391753
13747.0,40,1,79.6,0.49999999999999994,-0.8660254037844387,0.0,8.0,79.6,1.0,9.95,0.0,9.95,9.95,9.95,44.0
13748.0,40,1,204.0,0.7071067811865476,-0.7071067811865475,0.0,80.0,204.0,1.0,2.55,0.0,2.55,2.55,2.55,1697.0
13750.0,3,1,325.44,0.258819045102521,-0.9659258262890682,0.0,96.0,325.44,1.0,3.39,0.0,3.39,3.39,3.39,2015.0
13756.0,25,3,1004.4000000000001,-0.14442431465882152,-0.7394591618243628,0.0,148.0,334.8,5.333333333333333,2.852962962962963,0.8538851900760015,1.25,4.95,2.95,714.5
13758.0,1,3,1141.25,-0.07940533522373147,-0.9285781789365893,0.2727272727272727,184.33333333333334,380.4166666666667,11.0,2.800513538748833,1.6047618866143818,0.55,9.95,2.55,726.9090909090909
13764.0,3,1,499.89,-0.49999999999999967,-0.8660254037844388,0.0,282.0,499.89,69.0,3.570144927536232,3.100488810016908,0.42,12.75,2.1,427.07246376811594
13767.0,5,7,2609.76,-0.18451017157412178,-0.8208722480530831,0.20967741935483872,154.85714285714286,372.8228571428572,8.857142857142858,3.5213932496075353,1.9440115046302255,0.55,12.75,3.75,896.9677419354839
13769.0,34,1,322.3,-0.2588190451025208,-0.9659258262890683,0.0,122.0,322.3,10.0,2.83,1.095242236017017,0.85,4.95,2.95,1351.6
13777.0,18,10,6961.78,-0.7892908391384095,-0.5503740411150818,0.0,361.8,696.1780000000001,3.8,1.7893333333333334,0.830041940673123,1.05,4.65,1.65,988.5263157894736
13786.0,34,1,230.39999999999998,-0.2588190451025208,-0.9659258262890683,0.0,136.0,230.39999999999998,7.0,1.8928571428571428,1.4592888026445656,0.85,4.95,1.25,1278.4285714285713
13787.0,30,1,106.4,-0.4999999999999997,-0.8660254037844387,0.0,56.0,106.4,7.0,2.4785714285714286,1.380476108346061,0.65,3.75,2.95,582.8571428571429
13798.0,3,5,6268.66,-0.36508635495959657,-0.734120405910449,0.0,780.8,1253.732,10.2,2.5089473684210524,1.312350655311584,0.42,8.5,1.65,749.9444444444445
13807.0,33,1,112.6,-0.7071067811865471,-0.7071067811865479,0.0,36.0,112.6,7.0,5.1499999999999995,2.7730849247724096,1.65,7.95,6.35,467.14285714285717
13817.0,18,1,128.7,0.258819045102521,-0.9659258262890682,0.0,63.0,128.7,9.0,3.688888888888889,5.394718353270272,0.85,18.0,1.95,192.11111111111111
13831.0,36,1,408.0,1.2246467991473532e-16,-1.0,1.0,160.0,408.0,2.0,2.55,0.0,2.55,2.55,2.55,2721.5
13838.0,36,1,238.11,0.49999999999999994,-0.8660254037844387,1.0,83.0,238.11,48.0,3.770769230769231,2.4119098657709657,0.29,12.75,2.95,284.5576923076923
13842.0,3,2,613.57,0.5,-0.8660254037844388,0.0,125.5,306.78499999999997,19.0,5.307666666666666,4.592877500888172,0.65,21.95,3.35,508.42105263157896
13846.0,26,1,411.4,-0.8660254037844384,-0.5000000000000004,0.0,234.0,411.4,28.0,2.519642857142857,2.364957884117768,0.65,9.95,1.7999999999999998,291.5
13848.0,32,1,320.0,-0.7071067811865471,-0.7071067811865479,0.0,1000.0,320.0,1.0,0.32,0.0,0.32,0.32,0.32,1029.0
13854.0,24,2,609.4399999999999,0.6506231135902164,-0.750448223713245,0.0,140.0,304.72,5.5,4.420625,3.723129410611117,0.21,10.95,2.55,616.7272727272727
13869.0,23,1,323.62,-0.7071067811865471,-0.7071067811865479,0.0,156.0,323.62,21.0,4.172857142857143,3.165962954390248,0.42,9.95,2.95,657.047619047619
13874.0,24,1,540.45,-1.0,-1.8369701987210297e-16,0.0,180.0,540.45,18.0,5.5055555555555555,8.204301040037203,0.65,35.75,2.95,481.3333333333333
13880.0,34,1,97.8,-0.4999999999999997,-0.8660254037844388,0.0,54.0,97.8,6.0,2.158333333333333,1.2986210635388087,0.85,3.75,1.675,676.3333333333334
13890.0,25,1,190.35,0.7071067811865476,-0.7071067811865475,0.0,93.0,190.35,11.0,2.5772727272727276,1.2789377694719233,1.25,4.95,2.1,593.1818181818181
13922.0,18,1,172.25,0.49999999999999994,-0.8660254037844387,0.0,93.0,172.25,7.0,4.988571428571428,4.900518437102441,0.42,12.75,2.95,1442.7142857142858
13941.0,39,1,1095.12,0.49999999999999994,-0.8660254037844388,0.0,644.0,1095.12,11.0,2.1336363636363633,1.6629027195075048,0.42,5.95,1.25,417.8181818181818
13948.0,27,1,102.0,0.49999999999999994,-0.8660254037844387,0.0,40.0,102.0,3.0,3.9499999999999997,3.4641016151377544,1.95,7.95,1.95,171.0
13953.0,19,1,500.0,0.49999999999999994,-0.8660254037844387,0.0,400.0,500.0,1.0,1.25,0.0,1.25,1.25,1.25,411.0
13959.0,29,1,214.74,-0.2588190451025208,-0.9659258262890683,1.0,118.0,214.74,16.0,2.4575,2.2016281853815975,0.42,8.5,1.675,194.0
13963.0,6,2,366.71,0.4157197527319303,-0.8753391605031859,0.0,159.5,183.35500000000002,10.0,2.523736263736264,1.854403347638124,0.21,7.95,1.45,428.45
13969.0,31,1,317.59000000000003,-0.9659258262890684,0.2588190451025203,0.0,133.0,317.59000000000003,25.0,2.8216,1.4121929754817506,0.85,5.95,2.95,882.36
13982.0,32,1,428.6,-0.2588190451025208,-0.9659258262890683,0.0,208.0,428.6,23.0,2.534782608695652,1.6595066889268286,0.85,7.95,2.55,621.5217391304348
13983.0,33,1,329.36,0.49999999999999994,-0.8660254037844387,0.0,220.0,329.36,15.0,2.64,2.735569932782355,0.29,8.5,1.65,334.06666666666666
13984.0,32,1,154.8,-0.7071067811865471,-0.7071067811865479,0.0,120.0,154.8,5.0,1.31,0.7402702209328699,0.65,2.55,1.25,1135.2
13999.0,28,1,302.1,0.258819045102521,-0.9659258262890683,0.0,265.0,302.1,17.0,1.3188235294117647,0.7385956467592838,0.42,2.95,1.25,681.7058823529412
14001.0,40,1,301.24,1.2246467991473532e-16,-1.0,0.0,94.0,301.24,9.0,4.415555555555556,3.1285863864975467,1.69,8.5,2.95,708.4444444444445
14016.0,24,1,753.74,-0.4999999999999997,-0.8660254037844388,0.0,374.0,753.74,39.0,5.516410256410256,12.665632215022187,0.65,65.0,1.45,397.8205128205128
14030.0,32,2,676.5,-0.8660254037844384,-0.5000000000000004,0.0,48.5,338.25,13.5,10.817307692307693,41.297829892697195,1.25,165.0,3.45,278.85185185185185
14031.0,3,4,3538.19,-0.8816148468317601,-0.39816131414606504,0.0,348.25,884.5475,11.0,3.6522666666666668,2.395765152795123,1.06,10.95,3.39,646.5227272727273
14032.0,22,2,619.42,0.3752512302254419,-0.9176980361144195,0.5172413793103449,194.5,309.71000000000004,14.5,2.478928571428572,1.994067346775989,0.29,8.5,1.95,817.2068965517242
14037.0,31,1,111.8,0.258819045102521,-0.9659258262890682,0.0,34.0,111.8,26.0,3.5,1.4816882263148348,1.25,7.95,3.75,301.1923076923077
14045.0,4,3,1251.75,0.6713790512911675,-0.6663902460147012,0.0,162.33333333333334,417.25,1.6666666666666667,2.8111111111111113,3.7223424524529354,1.65,8.5,2.55,409.0
14047.0,3,2,296.22,0.5159312908605036,-0.8538008943538317,0.0,55.0,148.11,6.5,5.157916666666667,3.508419634726344,0.29,9.95,4.65,679.7692307692307
14051.0,20,3,1828.16,-0.4071220861377089,-0.8313645103801337,0.0,197.33333333333334,609.3866666666668,10.666666666666666,3.75014652014652,2.332929150755359,0.29,12.75,2.95,790.5757575757576
14057.0,27,2,925.92,-0.02696031719817914,-0.9964506069051113,0.0,485.5,462.96,24.0,1.3282558139534884,1.2342325665958929,0.29,9.95,1.25,711.3125
14060.0,26,3,874.04,0.06470476127563035,-0.991481456572267,0.0,289.3333333333333,291.34666666666664,5.333333333333333,1.2629166666666667,0.6442978688330859,0.42,2.55,0.85,846.25
14062.0,20,3,1444.1200000000001,-0.6467164803578574,-0.7504043090683288,0.0,280.6666666666667,481.3733333333334,9.333333333333334,3.7826984126984127,1.7922590679477621,0.1,8.5,3.75,614.5
14078.0,40,1,136.24,1.2246467991473532e-16,-1.0,0.0,29.0,136.24,13.0,3.4899999999999998,3.6664310530359994,0.42,12.75,2.1,349.7692307692308
14081.0,35,1,423.52,-0.7071067811865471,-0.7071067811865479,1.0,252.0,423.52,67.0,3.036521739130435,2.786588588055166,0.29,12.75,2.1,586.4492753623189
14082.0,31,1,182.25,0.258819045102521,-0.9659258262890682,0.0,110.0,182.25,28.0,2.587586206896552,1.8908646079286695,0.42,7.95,1.95,468.7586206896552
14083.0,20,3,459.89,-0.21585364899378798,-0.9105904910990514,0.0,81.33333333333333,153.29666666666668,30.333333333333332,3.120363104731526,2.158753747372485,0.12,16.95,2.1,261.33684210526314
14085.0,18,3,1190.24,-0.02740436948144328,-0.9707362978717881,0.0,167.0,396.74666666666667,27.333333333333332,3.0901194105691054,2.394421257060439,0.65,16.95,2.1,436.47058823529414
14092.0,19,2,601.73,-0.04745011933059815,-0.8838612510126593,0.0,122.5,300.865,20.5,2.9625274725274724,2.163015883557325,0.42,14.95,2.1,581.3414634146342
14099.0,21,1,383.52,0.258819045102521,-0.9659258262890681,0.0,411.0,383.52,40.0,1.9695,1.9301613457203055,0.29,8.5,1.895,405.175
14107.0,31,1,363.24,-0.2588190451025208,-0.9659258262890683,0.0,268.0,363.24,16.0,2.363125,2.25722165135224,0.29,7.95,1.65,605.25
14113.0,21,1,433.5,1.2246467991473532e-16,-1.0,0.0,102.0,433.5,2.0,4.25,0.0,4.25,4.25,4.25,508.0
14135.0,4,5,1133.05,0.3214110472164034,-0.9195223583255365,0.0,179.4,226.60999999999999,10.0,3.4684285714285714,1.2091590246976112,0.42,6.75,2.95,550.58
14142.0,39,1,311.81,-0.8660254037844385,-0.5000000000000004,0.0,313.0,311.81,22.0,1.7704545454545455,1.8705295335628187,0.21,8.5,1.25,561.4090909090909
14146.0,23,1,1241.43,-0.7071067811865471,-0.7071067811865479,0.0,551.0,1241.43,35.0,2.8591428571428574,2.9297132678698734,0.42,12.75,1.65,536.5428571428571
14150.0,26,1,306.18,0.49999999999999994,-0.8660254037844387,0.0,262.0,306.18,12.0,1.3991666666666667,1.4621245956939968,0.19,4.25,1.05,862.3333333333334
14156.0,38,1,322.2,0.258819045102521,-0.9659258262890682,0.0,1548.0,322.2,3.0,0.62,0.39837168574084175,0.16,0.85,0.85,661.0
14159.0,29,1,193.22,0.258819045102521,-0.9659258262890682,1.0,114.0,193.22,50.0,1.8515686274509802,1.1063297384577884,0.38,5.95,1.65,739.1764705882352
14161.0,36,1,283.15,-0.2588190451025208,-0.9659258262890683,1.0,128.0,283.15,26.0,2.8442307692307693,2.9873508974700953,0.65,14.95,2.1,434.2692307692308
14176.0,34,1,159.55,0.258819045102521,-0.9659258262890682,0.0,61.0,159.55,9.0,3.75,2.8057975693196395,1.25,9.95,2.95,786.1111111111111
14180.0,6,5,1180.85,-0.22206737698666254,-0.6668603522491682,0.0,36.6,236.17,12.4,8.05749120160885,4.409719609773051,2.1,16.95,7.0,117.88709677419355
14189.0,5,2,676.04,0.4299797227716996,-0.8950287522535246,0.0,382.0,338.02,15.5,1.5713131313131312,1.5051560364377894,0.19,8.5,1.06,378.6774193548387
14201.0,26,1,67.24000000000001,-0.2588190451025208,-0.9659258262890683,0.0,132.0,67.24000000000001,4.0,1.085,0.6257528798708534,0.19,1.65,1.25,211.5
14210.0,6,2,668.61,-0.1538924051960934,-0.9797396804962027,0.0,165.5,334.30500000000006,18.5,3.9279545454545453,3.3428155299167353,0.42,12.75,2.95,242.43243243243242
14215.0,34,1,166.0,-0.7071067811865471,-0.7071067811865479,0.0,104.0,166.0,6.0,2.1166666666666667,1.4665151436881472,0.85,4.25,1.9000000000000001,266.0
14217.0,3,2,220.79999999999998,-0.1647030287016041,-0.9783164349112252,0.0,24.0,110.4,5.5,7.673214285714286,5.283713437227074,1.25,18.95,7.95,254.72727272727272
14220.0,24,1,312.98,-1.0,-1.8369701987210297e-16,0.0,134.0,312.98,11.0,3.5990909090909096,1.742787735471274,1.25,5.95,3.75,268.45454545454544
14221.0,5,1,312.95,-0.7071067811865471,-0.7071067811865479,0.0,169.0,312.95,18.0,3.55,4.644921325237604,0.85,16.95,1.45,434.1666666666667
14236.0,38,1,189.3,-1.0,-1.83697019872103e-16,0.0,38.0,189.3,3.0,5.55,2.1633307652783937,3.75,7.95,4.95,133.66666666666666
14237.0,40,1,161.0,-0.2588190451025208,-0.9659258262890683,0.0,38.0,161.0,9.0,7.122222222222222,5.306547318590916,0.85,16.95,4.95,95.66666666666667
14243.0,24,2,472.0,0.21479967021830423,-0.7697465310094604,0.0,85.0,236.0,9.5,4.129261363636363,2.6573005592295758,0.85,10.95,2.95,765.6315789473684
14256.0,31,1,523.86,0.258819045102521,-0.9659258262890682,0.0,302.0,523.86,32.0,3.0765625,2.7148749265731347,0.55,9.95,1.895,478.3125
14258.0,4,1,3120.2200000000003,1.2246467991473532e-16,-1.0,0.0,1798.0,3120.2200000000003,31.0,3.376774193548387,2.9632374042554357,0.36,10.95,2.1,811.3225806451613
14282.0,34,1,571.0,1.2246467991473532e-16,-1.0,0.0,300.0,571.0,13.0,2.126923076923077,0.6233696684871214,1.25,2.95,1.95,430.38461538461536
14290.0,28,1,777.5600000000001,0.49999999999999994,-0.8660254037844387,0.0,220.0,777.5600000000001,23.0,5.006086956521739,7.768610346733038,0.85,39.95,2.95,778.0869565217391
14293.0,35,1,364.92,0.49999999999999994,-0.8660254037844387,0.0,172.0,364.92,15.0,2.4386666666666668,1.4513779987439852,0.18,4.95,2.1,871.8
14298.0,3,6,6119.36,-0.14189064401559512,-0.9813197423310629,0.0,1007.6666666666666,1019.8933333333333,32.833333333333336,1.6646428449480883,1.7266462188737244,0.19,10.95,1.06,441.2335025380711
14299.0,4,2,1051.1399999999999,0.01218775671980804,-0.9302471039659863,0.0,111.0,525.5699999999999,7.0,4.051222222222222,3.728081986881625,0.85,10.95,2.325,955.9285714285714
14307.0,40,1,783.11,0.258819045102521,-0.9659258262890682,0.0,558.0,783.11,48.0,2.4031249999999997,2.002653724808501,0.21,7.95,1.65,636.625
14309.0,25,1,147.75,-0.2588190451025208,-0.9659258262890683,0.0,103.0,147.75,6.0,4.458333333333333,4.008542960561439,0.85,9.95,3.1,721.3333333333334
14312.0,3,1,309.55,-0.8660254037844385,-0.5000000000000004,0.0,71.0,309.55,15.0,7.663333333333333,6.381207528658626,1.25,24.95,6.45,633.4
14334.0,24,1,320.15,-0.9659258262890683,-0.25881904510252063,0.0,225.0,320.15,20.0,2.5324999999999998,2.610720559942267,0.55,8.5,1.25,546.35
14344.0,24,3,355.65000000000003,0.188564479638656,-0.9082824545968412,0.0,42.333333333333336,118.55000000000001,4.666666666666667,4.886111111111111,4.476495856304924,0.55,12.75,3.35,763.7857142857143
14355.0,32,1,174.4,1.2246467991473532e-16,-1.0,0.0,92.0,174.4,11.0,2.85,2.1743964679883017,0.65,7.95,2.95,268.6363636363636
14373.0,24,1,76.55,-0.7071067811865471,-0.7071067811865479,0.0,17.0,76.55,4.0,11.625,10.139485522780072,0.85,24.95,10.35,168.25
14388.0,39,1,312.8,0.258819045102521,-0.9659258262890682,0.0,170.0,312.8,21.0,3.0095238095238095,2.8120997069635996,0.85,10.95,1.95,640.9047619047619
14390.0,39,1,223.7,0.258819045102521,-0.9659258262890682,0.0,74.0,223.7,26.0,3.2574074074074075,2.111857717731718,0.85,9.95,3.75,504.74074074074076
14395.0,38,1,308.68,-1.0,-1.8369701987210294e-16,0.0,174.0,308.68,27.0,2.964814814814815,2.2706731810537364,0.29,8.5,2.55,573.4444444444445
14396.0,37,1,110.35000000000001,-0.7071067811865471,-0.7071067811865479,0.0,39.0,110.35000000000001,34.0,2.998529411764706,1.8445860705957873,0.85,8.5,2.95,453.0
14401.0,26,1,247.38,0.7071067811865476,-0.7071067811865475,0.0,370.0,247.38,15.0,1.028,0.9282949038809966,0.19,3.95,1.25,288.3333333333333
14404.0,35,1,133.48,-0.8660254037844383,-0.5000000000000004,1.0,57.0,133.48,25.0,3.1665384615384613,2.865816382544691,0.14,12.75,2.0999999999999996,413.5769230769231
14409.0,34,2,328.80000000000007,-0.7071067811865471,-0.7071067811865479,0.0,84.0,164.40000000000003,1.0,1.975,0.0,1.85,2.1,1.975,3687.0
14413.0,29,1,122.7,-0.2588190451025208,-0.9659258262890683,1.0,68.0,122.7,22.0,2.8065217391304347,2.2469830454020143,0.65,9.95,1.95,322.2173913043478
14414.0,25,1,217.2,0.258819045102521,-0.9659258262890682,0.0,146.0,217.2,8.0,2.93375,3.330353638450856,0.42,9.95,1.25,855.125
14415.0,27,1,875.18,-0.2588190451025208,-0.9659258262890682,0.0,463.0,875.18,80.0,3.321818181818182,2.6062566388810597,0.42,14.95,2.55,421.9431818181818
14419.0,31,1,124.1,0.5,-0.8660254037844387,0.0,55.0,124.1,20.0,2.5452380952380955,1.4666206702744204,0.95,5.95,2.1,324.23809523809524
14437.0,32,1,63.0,0.7071067811865476,-0.7071067811865475,0.0,60.0,63.0,5.0,1.05,0.28284271247461906,0.85,1.45,0.85,913.0
14440.0,32,1,656.7,1.2246467991473532e-16,-1.0,0.0,150.0,656.7,13.0,4.688461538461539,3.0437198900737843,1.45,12.75,4.25,399.2307692307692
14443.0,35,1,303.5,0.258819045102521,-0.9659258262890681,0.0,163.0,303.5,20.0,2.5135,1.3310117837273465,0.42,4.95,2.1,491.45
14448.0,30,1,102.35000000000001,-0.9659258262890683,-0.25881904510252063,0.0,44.0,102.35000000000001,18.0,2.5805555555555557,2.0085214703189074,0.85,9.95,2.025,612.4444444444445
14449.0,39,1,210.24,-0.4999999999999997,-0.8660254037844388,0.0,142.0,210.24,50.0,1.7358000000000002,0.907958216246199,0.65,3.75,1.65,528.4
14462.0,6,1,109.3,1.2246467991473532e-16,-1.0,0.0,34.0,109.3,3.0,5.366666666666667,3.4620562290831347,1.65,8.5,5.95,751.0
14466.0,39,1,379.75,-0.2588190451025208,-0.9659258262890683,0.0,137.0,379.75,10.0,5.7299999999999995,5.258759887611864,1.65,14.95,2.1,329.5
14472.0,1,2,614.14,-0.1314307495216325,-0.9145484661438303,1.0,144.5,307.07,29.0,4.420604575163399,4.66747811338797,0.42,24.95,2.1100000000000003,442.98571428571427
14479.0,32,1,174.4,1.2246467991473532e-16,-1.0,0.0,58.0,174.4,10.0,3.55,1.772004514666935,1.65,7.95,2.95,793.2
14487.0,35,1,125.10000000000001,-0.2588190451025208,-0.9659258262890683,0.0,37.0,125.10000000000001,13.0,2.973076923076923,3.115727268272435,0.85,12.75,2.1,715.2307692307693
14491.0,39,1,127.2,1.2246467991473532e-16,-1.0,0.0,40.0,127.2,4.0,4.15,2.638181191654584,1.95,7.95,3.35,134.25
14496.0,39,1,304.34000000000003,-0.7071067811865471,-0.7071067811865479,0.0,86.0,304.34000000000003,5.0,5.358,5.4722317202399235,1.25,14.95,3.39,473.2
14498.0,28,1,166.22,0.258819045102521,-0.9659258262890683,0.0,70.0,166.22,13.0,5.019285714285714,4.845950671652354,1.25,14.95,2.95,552.2857142857143
14505.0,3,2,1367.41,-0.8660254037844383,-0.5000000000000004,0.7527472527472527,303.0,683.7049999999999,85.5,3.0842976480129765,2.0827851731524314,0.42,12.75,2.95,361.2362637362637
14506.0,36,1,269.7,-0.4999999999999997,-0.8660254037844388,1.0,112.0,269.7,43.0,2.801,2.1475303803890364,0.85,9.95,2.1,296.58
14524.0,27,1,275.45,0.258819045102521,-0.9659258262890682,0.0,137.0,275.45,26.0,3.349615384615385,4.641281272036187,0.42,19.95,1.65,417.3076923076923
14525.0,27,1,462.3,-0.9659258262890683,-0.25881904510252063,0.0,312.0,462.3,19.0,1.547,1.0324630744002423,0.42,4.95,1.35,901.85
14527.0,5,5,1155.24,-0.0942984117815385,-0.9875853785704358,0.21705426356589147,43.2,231.048,25.8,5.826305699593812,3.9121879435144407,0.42,16.95,4.95,439.6744186046512
14532.0,19,1,222.6,-0.2588190451025208,-0.9659258262890683,0.0,28.0,222.6,14.0,7.95,0.0,7.95,7.95,7.95,128.64285714285714
14533.0,19,1,433.5,0.258819045102521,-0.9659258262890681,0.0,540.0,433.5,10.0,2.056,2.6698322876998177,0.19,7.95,0.89,618.8
14543.0,31,1,254.4,0.258819045102521,-0.9659258262890681,0.0,40.0,254.4,5.0,8.39,6.084652824935865,3.75,16.95,4.25,38.0
14544.0,28,1,1121.92,1.2246467991473532e-16,-1.0,0.0,843.0,1121.92,53.0,2.3698245614035085,2.2745678484589353,0.21,9.95,1.65,345.859649122807
14553.0,5,1,201.94,-0.707106781186547,-0.707106781186548,0.0,131.0,201.94,23.0,2.4321739130434783,2.633844332601957,0.42,12.75,1.45,492.69565217391306
14560.0,24,1,408.16999999999996,0.7071067811865476,-0.7071067811865474,0.0,69.0,408.16999999999996,14.0,6.852857142857142,3.2787836125645713,1.25,12.75,7.95,343.07142857142856
14565.0,28,1,1167.41,-0.2588190451025208,-0.9659258262890683,0.0,640.0,1167.41,54.0,2.654074074074074,2.335244739724191,0.29,12.75,1.95,525.074074074074
14573.0,38,1,413.1,-0.9659258262890684,0.2588190451025203,0.0,134.0,413.1,68.0,4.00921052631579,3.6198131676125294,0.65,16.95,2.95,360.2236842105263
14576.0,38,1,35.400000000000006,-0.9659258262890683,-0.25881904510252063,0.0,12.0,35.400000000000006,1.0,2.95,0.0,2.95,2.95,2.95,334.0
14577.0,29,1,346.90000000000003,0.258819045102521,-0.9659258262890682,1.0,131.0,346.90000000000003,34.0,3.0026315789473688,1.131069057108712,0.95,4.95,2.95,547.9473684210526
14589.0,38,1,39.75,0.258819045102521,-0.9659258262890682,0.0,5.0,39.75,3.0,7.95,0.0,7.95,7.95,7.95,174.0
14594.0,40,1,255.0,-0.2588190451025208,-0.9659258262890683,0.0,146.0,255.0,31.0,3.008709677419355,2.2752036420732162,0.42,8.5,2.95,384.38709677419354
14606.0,1,10,1815.82,-0.28822926468385424,-0.870833155517545,0.24691358024691357,78.5,181.582,31.9,3.4389648617842132,3.2179382918116515,0.21,39.95,2.1,185.70987654320987
14608.0,28,1,204.0,-0.4999999999999997,-0.8660254037844388,1.0,48.0,204.0,1.0,4.25,0.0,4.25,4.25,4.25,993.0
14618.0,4,1,211.8,0.258819045102521,-0.9659258262890681,0.0,92.0,211.8,5.0,3.55,2.4566236993076496,0.85,5.95,3.75,377.4
14621.0,25,1,305.7,-0.2588190451025208,-0.9659258262890683,0.0,130.0,305.7,16.0,3.1062499999999997,2.6127810853571334,0.85,9.95,1.95,302.8125
14625.0,27,1,585.53,-0.7071067811865471,-0.7071067811865479,0.0,255.0,585.53,34.0,3.6923529411764706,2.8721210184087003,0.55,12.75,2.95,600.6470588235294
14639.0,28,1,676.54,-0.2588190451025208,-0.9659258262890682,0.0,272.0,676.54,41.0,5.498536585365853,5.111062786239086,0.85,16.95,2.95,436.6829268292683
14643.0,24,1,357.94,-0.9659258262890683,-0.25881904510252063,0.0,386.0,357.94,15.0,1.6700000000000002,2.2576251745078117,0.19,7.95,0.85,220.66666666666666
14646.0,19,2,8591.88,-0.43119665977247923,-0.7434310377803515,0.0,3357.0,4295.94,35.0,2.3599421296296295,2.441905028935341,0.21,15.0,1.45,504.95714285714286
14653.0,5,1,344.81,-0.2588190451025208,-0.9659258262890683,0.0,305.0,344.81,29.0,3.0417241379310345,3.4722471819573615,0.29,12.75,1.65,528.5862068965517
14667.0,27,5,1998.1,-0.20201425163993636,-0.9233109607451355,0.0,285.2,399.62,27.8,3.7780064102564097,3.658217721331367,0.21,14.95,2.1,342.2937062937063
14672.0,2,1,285.28000000000003,-0.7071067811865471,-0.7071067811865479,0.0,147.0,285.28000000000003,34.0,3.2202941176470588,3.1045621223418127,0.29,12.75,1.65,420.44117647058823
14673.0,34,1,373.49,1.2246467991473532e-16,-1.0,0.0,213.0,373.49,15.0,2.1546666666666665,1.3407773154121494,0.42,4.95,1.95,785.0
14680.0,4,3,4395.51,-0.08461391859120863,-0.9888603662868108,0.0,534.3333333333334,1465.17,17.333333333333332,2.994659197012138,2.019931178074899,0.55,10.95,2.55,959.8269230769231
14684.0,29,1,168.36,1.2246467991473532e-16,-1.0,1.0,70.0,168.36,44.0,2.538863636363636,2.6707295544598924,0.42,14.95,1.65,466.52272727272725
14688.0,40,1,444.98,0.7071067811865476,-0.7071067811865475,0.0,454.0,444.98,19.0,1.7552631578947369,1.1096864843581955,0.38,3.75,1.95,822.3157894736842
14696.0,39,1,294.62,-0.7071067811865471,-0.7071067811865479,0.0,284.0,294.62,18.0,2.3216666666666668,2.361179291595372,0.42,7.95,1.35,305.55555555555554
14702.0,1,3,778.05,-0.8425396398381721,-0.13651338175161673,0.2857142857142857,86.33333333333333,259.34999999999997,23.0,4.856111111111112,3.434495236089912,0.55,16.95,3.95,397.92857142857144
14708.0,35,1,419.06,1.2246467991473532e-16,-1.0,0.0,350.0,419.06,12.0,2.6374999999999997,2.813060853169793,0.42,9.95,1.65,673.1666666666666
14709.0,25,1,314.1,-0.2588190451025208,-0.9659258262890683,0.0,108.0,314.1,15.0,3.96,2.650619873592914,1.65,7.95,2.1,692.4666666666667
14713.0,24,2,425.85,-0.9852861522611888,0.1117627694760882,0.0,101.0,212.925,22.0,2.8840526315789474,2.2432012432554327,0.42,12.75,2.1,532.8181818181819
14723.0,24,3,471.0,-0.7433168203954023,-0.27860663603236013,0.0,68.66666666666667,157.0,27.0,2.927500466592012,2.3308497640618033,0.29,16.95,2.1,573.0888888888888
14729.0,40,1,313.49,1.2246467991473532e-16,-1.0,0.0,197.0,313.49,69.0,2.159154929577465,1.956682138197116,0.29,12.75,1.65,315.9154929577465
14732.0,5,1,203.1,-0.4999999999999997,-0.8660254037844389,0.0,58.0,203.1,10.0,4.58,2.7166359916468585,0.85,9.95,4.300000000000001,380.3
14733.0,21,3,4357.22,-0.2626604395260041,-0.8564254610533866,0.0,628.0,1452.4066666666668,26.0,3.558025634496223,3.0570897312418843,0.38,12.75,2.55,603.8974358974359
14735.0,24,1,252.2,-0.8660254037844384,-0.5000000000000004,0.0,68.0,252.2,5.0,4.569999999999999,3.2942373927815214,1.25,9.95,3.75,415.8
14737.0,20,1,434.0,-0.2588190451025208,-0.9659258262890683,0.0,150.0,434.0,8.0,3.25625,2.2323014229393716,1.25,8.5,2.95,503.875
14739.0,5,2,943.44,-0.41960634836750677,-0.8993255446193152,0.0,350.0,471.72,9.0,1.9604166666666667,1.8289552523607264,0.42,7.95,1.25,539.1111111111111
14741.0,28,2,495.3,0.5464431097413242,-0.7452241190995095,0.0,205.0,247.65,9.5,1.8022222222222224,1.1863937543946101,0.65,3.95,1.45,607.8947368421053
14744.0,33,1,225.0,0.49999999999999994,-0.8660254037844387,0.0,148.0,225.0,3.0,1.5166666666666666,0.23094010767585024,1.25,1.65,1.65,658.3333333333334
14748.0,35,2,470.42,0.49999999999999994,-0.8660254037844387,0.0,165.0,235.21,16.0,1.9035632183908047,1.3934556446432564,0.29,7.95,2.1,597.0625
14755.0,1,1,488.46000000000004,-0.4999999999999997,-0.8660254037844388,1.0,238.0,488.46000000000004,27.0,3.1644444444444444,2.439123949500238,0.55,9.95,1.95,913.0370370370371
14761.0,1,1,97.5,1.2246467991473532e-16,-1.0,1.0,58.0,97.5,7.0,1.9642857142857142,1.0172324733127156,0.85,3.75,1.65,270.2857142857143
14766.0,32,1,180.4,-0.7071067811865471,-0.7071067811865479,0.0,64.0,180.4,6.0,5.166666666666667,4.927643114782834,1.45,14.95,3.35,756.6666666666666
14769.0,24,1,347.01,0.258819045102521,-0.9659258262890682,0.0,189.0,347.01,22.0,3.305909090909091,2.666941638961698,0.42,8.5,2.1,537.0909090909091
14775.0,38,1,406.56,-0.8660254037844384,-0.5000000000000004,0.0,384.0,406.56,20.0,1.1505,0.45673296355748183,0.42,2.1,1.25,484.25
14796.0,28,2,1028.82,0.5,-0.8660254037844387,0.0,336.0,514.4100000000001,42.5,1.5864324324324324,1.3082695980956736,0.42,12.75,1.45,587.8275862068965
14800.0,1,3,1757.84,0.3298517920928744,-0.9365030991130472,1.0,494.6666666666667,585.9466666666667,47.666666666666664,1.971131309411063,1.4431724869021194,0.12,12.75,1.65,540.2808219178082
14810.0,1,2,326.99,0.10618217234975227,-0.9860208518108998,1.0,74.0,163.495,19.0,2.65148097826087,1.7339202434487169,0.85,9.95,1.95,516.7692307692307
14813.0,36,2,155.43,0.258819045102521,-0.9659258262890682,1.0,33.5,77.715,13.0,3.163333333333333,2.34437151457572,0.29,8.5,2.1,631.5333333333333
14821.0,33,1,48.800000000000004,0.8660254037844387,-0.4999999999999998,0.0,20.0,48.800000000000004,2.0,2.5250000000000004,0.6010407640085653,2.1,2.95,2.5250000000000004,954.5
14825.0,25,2,396.43,0.22222222222222227,-0.9404557350153061,0.0,70.5,198.21500000000003,9.0,3.56875,1.9323695246316812,0.42,8.5,2.95,928.7777777777778
14828.0,3,1,582.0,0.7071067811865476,-0.7071067811865475,0.0,968.0,582.0,5.0,1.4120000000000001,1.9880568402336993,0.25,4.95,0.72,1318.2
14829.0,27,2,385.33,-0.4424898155230191,-0.5557595180117632,0.0,145.0,192.66500000000002,13.0,2.117293233082707,1.6548914319712713,0.42,5.95,1.45,461.65384615384613
14841.0,25,1,395.16,0.5,-0.8660254037844388,0.0,274.0,395.16,19.0,2.5321052631578946,2.818814918340622,0.19,9.95,1.25,306.3157894736842
14849.0,25,5,566.89,0.10167891057599047,-0.9866137174707054,0.0,61.2,113.378,5.6,3.045630952380953,1.9443606433726264,0.42,7.95,3.45,634.4642857142857
14865.0,38,1,37.2,-1.0,-1.83697019872103e-16,0.0,96.0,37.2,3.0,0.4533333333333333,0.28148416178061125,0.19,0.75,0.42,706.6666666666666
14866.0,32,1,103.67999999999999,-0.4999999999999997,-0.8660254037844388,0.0,144.0,103.67999999999999,1.0,0.72,0.0,0.72,0.72,0.72,1064.0
14867.0,2,1,300.74,-0.8660254037844385,-0.5000000000000004,0.0,118.0,300.74,15.0,4.804,3.7195310764357687,0.42,12.75,3.75,346.1333333333333
14871.0,27,1,140.4,1.2246467991473532e-16,-1.0,0.0,38.0,140.4,21.0,3.78,1.6360521589077373,1.65,6.95,3.95,424.04
14878.0,25,1,322.01,1.2246467991473532e-16,-1.0,0.0,135.0,322.01,13.0,2.436923076923077,1.383638829411928,1.25,5.95,1.95,311.38461538461536
14889.0,2,1,135.9,-0.7071067811865471,-0.7071067811865479,0.0,90.0,135.9,10.0,2.2600000000000002,1.5861904047118682,0.55,4.95,1.875,388.3
14896.0,32,1,257.22,1.2246467991473532e-16,-1.0,0.0,184.0,257.22,32.0,2.33875,2.284248658855657,0.55,10.95,1.5699999999999998,630.40625
14898.0,37,1,98.5,-0.7071067811865471,-0.7071067811865479,0.0,18.0,98.5,3.0,8.216666666666667,5.93408234972631,3.75,14.95,5.95,80.0
14901.0,27,3,497.04999999999995,0.34767518638053957,-0.9291204074715731,0.0,68.66666666666667,165.6833333333333,12.666666666666666,4.528968253968253,3.516472174562448,0.55,14.95,2.55,375.36842105263156
14907.0,27,3,960.69,0.40250131610527445,-0.9064106809671613,0.0,121.33333333333333,320.23,15.666666666666666,2.9739021164021167,2.7049369326068247,0.85,14.95,3.45,521.5744680851063
14911.0,17,13,7737.9400000000005,-0.32086863880860844,-0.8575024793687085,0.06164383561643835,256.2307692307692,595.2261538461539,22.46153846153846,5.005899982977649,7.650474094508823,0.0,50.0,2.95,442.64383561643837
14913.0,26,1,300.87,-0.49999999999999967,-0.8660254037844388,0.0,423.0,300.87,17.0,1.9058823529411764,3.141011100791291,0.19,12.75,0.42,583.9411764705883
14932.0,32,1,363.53,0.258819045102521,-0.9659258262890683,0.0,80.0,363.53,17.0,9.449411764705882,11.143552211137745,1.25,50.0,7.95,187.0
14952.0,31,1,686.16,1.2246467991473532e-16,-1.0,0.0,472.0,686.16,7.0,4.2942857142857145,3.073878424959024,0.55,6.75,6.75,562.2857142857143
14961.0,27,2,1182.7,0.258819045102521,-0.9659258262890682,0.0,283.0,591.35,19.0,2.9336666666666664,1.3179169788244725,0.55,5.95,2.75,539.578947368421
14985.0,24,1,124.51,-0.9659258262890684,0.2588190451025203,0.0,89.0,124.51,45.0,1.7712,1.5268998069317328,0.21,9.95,1.35,336.98
14987.0,32,1,163.2,1.2246467991473532e-16,-1.0,0.0,64.0,163.2,2.0,2.55,0.0,2.55,2.55,2.55,2721.5
15002.0,5,2,893.15,0.07993945717539024,-0.9213274233852158,0.0,208.5,446.575,27.0,2.6815225806451615,2.0052676710301087,0.42,12.75,2.325,514.2321428571429
15005.0,1,3,611.46,-0.38925364315932065,-0.9118980467712585,0.25510204081632654,111.0,203.82000000000002,32.666666666666664,2.4645185185185183,1.8916482362143932,0.42,10.95,1.95,654.8877551020408
15012.0,40,1,191.06,1.2246467991473532e-16,-1.0,0.0,86.0,191.06,46.0,2.707222222222222,2.383775676943496,0.42,12.75,1.95,355.4074074074074
15018.0,34,1,111.25,0.4999999999999999,-0.8660254037844387,0.0,21.0,111.25,5.0,7.3,6.0578461518926,2.1,14.95,3.75,490.8
15021.0,33,1,205.64000000000001,1.2246467991473532e-16,-1.0,0.0,94.0,205.64000000000001,45.0,2.593962264150943,1.510094673067071,0.21,8.5,2.1,753.7547169811321
15023.0,36,1,460.6,-0.2588190451025208,-0.9659258262890683,1.0,232.0,460.6,32.0,3.52027027027027,3.0069932255092056,0.65,14.95,2.95,434.6756756756757
15024.0,33,2,491.22,-0.2735504363772405,-0.9511944350143486,0.0,129.5,245.61,23.5,2.4320212765957447,2.6661840991056445,0.42,12.75,1.8199999999999998,448.25
15028.0,35,1,185.97,1.2246467991473532e-16,-1.0,0.0,119.0,185.97,14.0,2.7885714285714287,2.249201079162442,0.29,7.95,2.1,335.92857142857144
15032.0,33,2,2770.6,-0.00862730150341724,-0.9988641942096357,0.0,829.0,1385.3,14.0,4.874137931034483,0.4888913768160808,1.25,7.95,1.65,623.6333333333333
15034.0,4,2,1426.35,-0.03449301371641672,-0.7071067811865477,0.0,319.0,713.175,40.5,3.5538282647584976,2.8174160511662047,0.42,10.95,2.75,305.7317073170732
15038.0,36,1,126.42999999999999,0.5,-0.8660254037844387,1.0,46.0,126.42999999999999,30.0,2.9894285714285713,1.9203307663266869,0.85,8.95,2.1,371.25714285714287
15039.0,6,4,2136.22,0.17991079964443538,-0.9758987551800726,0.0,206.25,534.055,39.75,3.887937348668281,2.6776113434990214,0.55,12.75,1.95,478.1036585365854
15044.0,19,4,2139.15,-0.30801116528159933,-0.9253753870949416,0.7241379310344828,164.5,534.7875,26.25,4.793424638487208,2.326468312460384,0.42,12.75,4.1,541.8103448275862
15046.0,4,1,511.95,-0.7071067811865471,-0.7071067811865478,0.0,275.0,511.95,29.0,2.922068965517241,3.6913628719236944,0.85,18.95,1.65,488.0
15048.0,35,1,98.7,1.2246467991473532e-16,-1.0,0.0,32.0,98.7,23.0,2.884782608695652,2.2498199313100944,0.85,8.5,2.1,223.91304347826087
15059.0,1,1,182.78,0.258819045102521,-0.9659258262890682,1.0,72.0,182.78,28.0,3.2306896551724136,3.0899479087547306,0.85,16.95,2.1,279.17241379310343
15061.0,26,12,19950.66,-0.369031449582728,-0.8015654542171925,0.0,764.25,1662.555,10.333333333333334,3.3483267178362577,2.3879354214240136,0.07,10.95,1.25,795.491935483871
15062.0,25,1,209.08,-0.7071067811865471,-0.7071067811865479,0.0,164.0,209.08,11.0,1.7200000000000002,1.0059324032955694,0.42,3.75,1.95,961.1818181818181
15070.0,39,1,106.2,0.258819045102521,-0.9659258262890682,0.0,36.0,106.2,1.0,2.95,0.0,2.95,2.95,2.95,1697.0
15078.0,21,4,818.6500000000001,1.2246467991473532e-16,-1.0,0.0,89.75,204.66250000000002,9.25,4.086607142857143,2.625311675797167,0.85,12.75,2.1,795.5945945945946
15079.0,32,1,141.95,0.7071067811865476,-0.7071067811865475,0.0,45.0,141.95,4.0,4.1,1.1357816691600549,2.55,4.95,4.45,669.25
15081.0,33,1,111.15,-0.8660254037844384,-0.5000000000000004,0.0,57.0,111.15,8.0,3.0749999999999997,2.752012250803297,0.85,8.95,2.55,906.625
15093.0,5,2,1844.13,-0.5793297283014308,-0.5482281716775794,0.0,753.5,922.065,18.5,2.579345238095238,2.965383797330946,0.21,10.95,0.42,747.7027027027027
15100.0,33,2,700.8,0.35355339059327384,-0.8535533905932737,0.0,32.0,350.4,1.0,10.95,0.0,10.95,10.95,10.95,213.0
15101.0,26,1,102.28,1.2246467991473532e-16,-1.0,0.0,34.0,102.28,4.0,3.3850000000000002,1.8149104661112074,2.1,5.95,2.745,76.0
15107.0,26,2,177.05,-0.3492619031890754,-0.9284631678498323,0.0,34.5,88.525,4.0,6.058333333333334,5.225820104057113,0.85,12.75,6.125,497.25
15111.0,39,1,288.5,0.258819045102521,-0.9659258262890682,0.0,106.0,288.5,16.0,4.05,2.409840935276296,1.25,7.95,3.35,533.5
15139.0,3,1,122.10000000000001,1.2246467991473532e-16,-1.0,0.0,102.0,122.10000000000001,8.0,1.7375,1.2799972098183876,0.55,3.75,1.15,753.625
15157.0,25,1,1085.46,-0.2588190451025208,-0.9659258262890683,0.0,1078.0,1085.46,54.0,1.5599999999999998,1.8481964691772474,0.19,9.95,1.25,186.2037037037037
15159.0,27,2,1860.98,-0.7071067811865471,-0.7071067811865479,0.0,494.0,930.49,24.0,7.2310869565217395,16.502354364266882,0.38,125.0,1.25,362.2291666666667
15160.0,24,1,158.16,-0.4999999999999997,-0.8660254037844388,0.0,84.0,158.16,4.0,1.7475,1.1111668041597835,0.29,2.95,1.875,389.25
15164.0,6,1,173.39000000000001,-0.4999999999999997,-0.8660254037844388,0.0,49.0,173.39000000000001,15.0,4.90875,3.1226097525414,1.65,12.75,4.6,1012.6875
15165.0,40,1,487.75,-0.4999999999999997,-0.8660254037844388,0.0,160.0,487.75,27.0,4.987037037037037,4.003906568124163,1.45,18.95,3.75,414.037037037037
15180.0,33,1,87.5,-0.4999999999999997,-0.8660254037844388,0.0,36.0,87.5,6.0,3.266666666666667,1.7081178725915456,0.85,4.95,3.85,608.3333333333334
15192.0,31,1,315.0,-0.4999999999999997,-0.8660254037844388,0.0,196.0,315.0,15.0,3.29,3.2365766747334397,0.65,9.95,1.65,212.6
15194.0,3,4,1890.54,-0.22505407776426034,-0.867177225543347,0.0,369.0,472.635,22.75,2.4058892045454545,2.124412077259571,0.21,12.75,1.25,463.64835164835165
15197.0,24,1,556.5,-1.0,-1.83697019872103e-16,0.0,78.0,556.5,3.0,12.916666666666666,19.092494162191944,1.25,34.95,2.55,1146.6666666666667
15204.0,24,1,316.58,-0.2588190451025208,-0.9659258262890683,0.0,258.0,316.58,9.0,2.4044444444444446,2.6600193190610057,0.42,8.5,1.65,253.66666666666666
15208.0,20,1,65.4,-0.2588190451025208,-0.9659258262890683,0.0,20.0,65.4,3.0,3.216666666666667,0.4618802153517005,2.95,3.75,2.95,906.6666666666666
15211.0,31,1,383.07,-0.8660254037844384,-0.5000000000000004,0.0,117.0,383.07,23.0,5.164782608695653,3.980044391672509,1.25,14.95,2.95,434.39130434782606
15221.0,33,1,403.25,-0.2588190451025208,-0.9659258262890683,0.0,43.0,403.25,5.0,12.709999999999999,7.013415715612472,4.95,21.95,12.75,133.2
15224.0,24,2,322.08,-0.6060915267313262,-0.7489486695884696,0.14285714285714285,76.0,161.04000000000002,7.0,4.29125,4.126582836917418,0.55,9.95,1.7999999999999998,413.14285714285717
15235.0,5,4,807.29,0.1333067750350307,-0.8357030332074411,0.0784313725490196,116.75,201.8225,12.75,2.7251470588235294,1.2201505127357146,0.29,7.95,1.65,493.2352941176471
15246.0,25,1,186.0,0.7071067811865476,-0.7071067811865475,0.0,86.0,186.0,12.0,2.4208333333333334,0.9454336026235248,0.65,3.75,2.55,655.0833333333334
15260.0,39,2,420.5,1.2246467991473532e-16,-1.0,0.0,127.0,210.25,8.5,2.315625,3.4565336682867707,0.85,12.75,2.55,753.0
15266.0,5,1,119.3,-0.2588190451025208,-0.9659258262890683,0.0,18.0,119.3,6.0,6.75,2.2803508501982757,3.75,9.95,6.95,209.5
15271.0,4,2,364.84999999999997,0.044708572938487505,-0.9259656572872166,0.0,82.0,182.425,20.0,4.036458333333334,3.962002912193614,0.55,24.95,1.65,366.425
15279.0,21,1,290.51,0.5,-0.8660254037844388,0.0,189.0,290.51,19.0,3.8610526315789473,4.497390471443588,0.42,19.95,2.95,171.57894736842104
15288.0,32,1,165.65,-0.2588190451025208,-0.9659258262890683,0.0,66.0,165.65,26.0,3.034615384615385,2.4242429428903876,0.55,9.95,1.95,361.53846153846155
15290.0,25,1,219.6,-0.8660254037844384,-0.5000000000000004,0.0,168.0,219.6,8.0,1.9,1.2972498382567417,0.55,3.75,1.45,412.625
15291.0,24,2,648.9,0.5690355937288492,-0.8130525295851415,0.0,79.0,324.45000000000005,3.0,5.4,1.994254932032537,2.55,12.75,5.75,577.3333333333334
15298.0,4,2,703.34,-0.5434470257346696,-0.7475230952160677,0.0,343.0,351.67,16.0,2.143294117647059,2.424137592794468,0.1,9.95,1.35,727.09375
15299.0,38,3,1835.01,-0.8660254037844384,-0.5000000000000004,0.0,699.0,611.67,1.0,3.2300000000000004,0.0,0.55,7.65,1.49,777.0
15301.0,35,1,673.37,1.2246467991473532e-16,-1.0,0.0,503.0,673.37,34.0,2.6244117647058824,2.511154740023451,0.42,7.95,1.35,376.0882352941176
15304.0,35,1,123.15,0.258819045102521,-0.9659258262890681,0.0,21.0,123.15,5.0,6.909999999999999,4.626877997094801,2.95,12.75,4.95,590.2
15311.0,2,11,3963.47,-0.1071766584300393,-0.8757242434010285,0.13924050632911392,166.54545454545453,360.31545454545454,21.272727272727273,3.065746524936481,2.40154630398817,0.42,10.95,2.1,360.831223628692
15312.0,21,1,289.74,1.2246467991473532e-16,-1.0,0.0,177.0,289.74,16.0,2.2525,1.4972797556457735,0.42,4.95,2.3,724.5
15332.0,32,4,1661.06,-0.014285714285714159,-0.9961721543938412,0.9714285714285714,163.0,415.265,8.75,2.276525,1.2620539289110013,1.25,5.95,2.55,331.34285714285716
15347.0,32,1,201.60000000000002,-0.7071067811865471,-0.7071067811865479,0.0,130.0,201.60000000000002,5.0,2.2700000000000005,0.7111610225539643,1.25,2.95,2.1,585.0
15350.0,40,1,115.65,-0.2588190451025208,-0.9659258262890683,0.0,51.0,115.65,5.0,2.6700000000000004,1.2745587471748803,2.1,4.95,2.1,1583.4
15351.0,36,1,274.67,0.258819045102521,-0.9659258262890682,1.0,129.0,274.67,49.0,2.5841176470588234,2.5039777766350793,0.65,14.95,1.65,371.05882352941177
15353.0,34,1,311.65,0.258819045102521,-0.9659258262890682,0.0,131.0,311.65,12.0,4.125,4.263348022814506,0.85,12.75,1.875,632.0833333333334
15356.0,27,2,365.54,-0.09089755829255376,-0.919884762004326,0.0,100.5,182.76999999999998,51.5,1.9065459525258674,1.0237092733228006,0.42,3.95,1.95,578.5565217391304
15358.0,5,3,1278.41,0.12059047744873957,-0.9159756150367536,0.0,397.6666666666667,426.1366666666667,27.333333333333332,2.3893573364305074,1.8132022387599591,0.29,12.75,1.45,402.6951219512195
15361.0,28,1,418.92,0.7071067811865476,-0.7071067811865474,0.0,336.0,418.92,7.0,1.3442857142857143,0.41157652762911306,0.85,2.1,1.25,464.57142857142856
15363.0,39,1,326.0,1.2246467991473532e-16,-1.0,0.0,144.0,326.0,16.0,2.9875000000000003,1.8993419913222578,0.85,7.95,2.75,337.4375
15366.0,24,1,105.54,-0.7071067811865471,-0.7071067811865479,0.0,61.0,105.54,8.0,2.9175,1.5414904661212983,0.42,3.75,3.75,324.125
15373.0,26,2,537.1,-0.18749999999999983,-0.8660254037844388,0.0,33.0,268.55,8.0,8.564545454545454,5.69396922604842,2.95,29.95,7.45,427.0625
15379.0,4,2,2151.61,-0.35716467719663847,-0.92518973167553,0.0,668.5,1075.805,51.5,2.45064012490242,2.4781365807551543,0.19,12.75,1.65,597.5631067961165
15380.0,31,1,230.10000000000002,-0.7071067811865471,-0.7071067811865479,0.0,78.0,230.10000000000002,1.0,2.95,0.0,2.95,2.95,2.95,92.0
15384.0,26,1,303.57,0.258819045102521,-0.9659258262890681,0.0,248.0,303.57,20.0,1.906,1.6820520049535987,0.42,4.95,1.65,440.6
15392.0,26,1,338.98,-0.7071067811865471,-0.7071067811865479,0.0,402.0,338.98,19.0,1.1847368421052633,1.1017580316176137,0.12,4.65,0.85,823.6842105263158
15394.0,25,1,587.66,1.2246467991473532e-16,-1.0,0.0,242.0,587.66,24.0,3.0225000000000004,2.2355375776017645,1.25,10.95,1.95,671.125
15426.0,36,1,411.42,-0.2588190451025208,-0.9659258262890683,1.0,159.0,411.42,74.0,2.9672093023255814,2.471530914546591,0.14,12.75,2.1,383.36046511627904
15454.0,29,1,179.1,-0.4999999999999997,-0.8660254037844388,1.0,86.0,179.1,23.0,2.782,2.3868947749464504,0.85,10.95,1.25,396.0
15456.0,25,1,243.22,-0.7071067811865471,-0.7071067811865479,0.0,434.0,243.22,25.0,1.258846153846154,0.8462544625493064,0.21,2.95,1.05,405.5769230769231
15460.0,20,1,216.76,-0.8660254037844384,-0.5000000000000004,0.0,109.0,216.76,53.0,2.828275862068965,2.5635988532646383,0.29,12.75,1.95,307.7068965517241
15464.0,4,1,1048.85,-0.7071067811865471,-0.7071067811865479,0.0,350.0,1048.85,155.0,4.210891719745223,5.4308958716743465,0.65,39.95,2.55,270.5031847133758
15465.0,1,3,1258.15,0.35294117647058826,-0.9054296967890155,0.7058823529411765,78.33333333333333,419.3833333333334,5.666666666666667,7.05,2.870395066525294,2.55,10.95,6.75,575.4117647058823
15482.0,25,2,723.64,0.49999999999999994,-0.8660254037844387,0.0,128.0,361.82,3.5,3.585,3.113050276764225,1.06,10.95,2.0,810.25
15485.0,2,2,1278.63,-0.587705920073008,-0.637038951318581,0.0,301.5,639.315,21.0,3.5354130434782607,3.269104247510594,0.42,9.95,2.95,282.6511627906977
15498.0,5,3,1220.12,-0.08475780998165042,-0.8599579379076558,0.0,261.3333333333333,406.7066666666667,12.333333333333334,2.706179337231969,2.581564963381876,0.21,12.75,2.1,1094.7027027027027
15502.0,34,3,929.4,-0.6627267566465728,-0.7411607717432388,0.7857142857142857,96.66666666666667,309.8,9.333333333333334,7.212037037037036,4.552801940619656,0.85,14.95,4.800000000000001,357.2857142857143
15503.0,29,1,147.09,0.5,-0.8660254037844387,1.0,74.0,147.09,66.0,2.053142857142857,1.8025372961283623,0.42,9.95,1.5499999999999998,419.57142857142856
15512.0,26,1,101.2,1.2246467991473532e-16,-1.0,0.0,56.0,101.2,6.0,2.0,1.0054849576199536,1.25,3.75,1.6,58.333333333333336
15513.0,32,2,1313.5,0.6174492339697423,-0.7588705902070516,0.0,177.0,656.75,7.5,4.316666666666666,1.93175957869832,1.25,12.75,4.25,541.4666666666667
15514.0,27,4,1884.71,-0.22312276371580503,-0.9696917918824329,0.0,200.75,471.1775,14.25,2.3705944055944057,1.969136548525288,0.42,8.95,2.95,413.7808219178082
15525.0,40,1,313.93,-0.2588190451025208,-0.9659258262890683,0.0,124.0,313.93,44.0,3.3466666666666667,3.3772819446018025,0.29,14.95,2.1,437.87719298245617
15527.0,21,1,221.4,-0.4999999999999997,-0.8660254037844388,0.0,62.0,221.4,17.0,4.105555555555556,3.4164347123559744,0.85,12.75,2.95,643.7222222222222
15529.0,31,2,321.46,-0.030449299423825866,-0.9959912736810668,0.0,98.0,160.73000000000002,8.5,1.9429999999999998,1.501156774958015,0.42,8.5,1.65,721.6470588235294
15532.0,24,1,356.35,-0.8660254037844384,-0.5000000000000004,0.0,92.0,356.35,48.0,4.1339999999999995,2.8712231625179525,1.25,16.95,2.95,260.42
15544.0,39,1,354.54,1.2246467991473532e-16,-1.0,0.0,274.0,354.54,26.0,1.9530769230769232,2.4299378909441605,0.55,12.75,1.25,615.5769230769231
15545.0,37,1,135.32999999999998,-0.9659258262890683,-0.25881904510252063,0.0,75.0,135.32999999999998,31.0,2.9829032258064516,2.592851960741797,0.29,9.95,1.69,405.16129032258067
15547.0,29,1,767.37,-0.2588190451025208,-0.9659258262890683,1.0,559.0,767.37,54.0,2.4003571428571426,2.1036288683093356,0.42,9.95,1.65,389.55357142857144
15555.0,28,3,989.82,-0.5057151572634127,-0.7601348728537058,0.3368421052631579,230.33333333333334,329.94,31.666666666666668,1.7923605336105337,1.2089660444050503,0.16,12.75,1.25,366.7894736842105
15562.0,18,1,134.55,0.7071067811865476,-0.7071067811865475,0.0,39.0,134.55,1.0,3.45,0.0,3.45,3.45,3.45,440.0
15563.0,25,1,270.19,0.258819045102521,-0.9659258262890682,0.0,315.0,270.19,22.0,1.450909090909091,1.365722934639063,0.29,6.45,1.05,597.2272727272727
15570.0,23,3,1064.64,-0.12722066544338023,-0.8605522708583492,0.7456140350877193,146.66666666666666,354.87999999999994,32.666666666666664,3.1480497362183653,2.2591925136195425,0.42,12.75,2.95,506.53508771929825
15574.0,25,3,590.15,-0.5381127076954226,-0.7771064183872471,0.0,101.0,196.71666666666667,44.666666666666664,3.1093835157471523,2.5787932079777836,0.12,14.95,1.65,359.1949685534591
15581.0,20,4,325.96,-0.40146067092354687,-0.8530524550009375,0.4897959183673469,35.0,81.49000000000001,11.5,1.9361134453781512,1.1740832818457563,0.29,7.95,1.45,530.7755102040817
15587.0,18,1,344.88,0.7071067811865476,-0.7071067811865475,0.0,120.0,344.88,3.0,2.9600000000000004,0.7447818472546173,2.1,3.39,3.39,919.6666666666666
15596.0,31,1,402.32,-0.8660254037844384,-0.5000000000000004,0.0,168.0,402.32,21.0,4.461428571428572,3.4717060441723544,0.55,10.95,2.95,282.8095238095238
15601.0,3,3,1924.9,-0.08260869565217377,-0.8660254037844387,0.0,434.0,641.6333333333333,38.333333333333336,2.4412606837606834,2.594377958341838,0.42,9.95,1.25,305.44347826086954
15602.0,27,2,152.55,-0.4656253246142801,-0.771811542462178,0.0,52.5,76.275,2.0,2.1500000000000004,1.8520259177452136,1.25,4.95,2.1,1606.25
15605.0,40,1,194.85000000000002,-0.2588190451025208,-0.9659258262890683,0.0,71.0,194.85000000000002,12.0,4.8500000000000005,2.671397319075475,0.85,7.95,4.95,273.6666666666667
15607.0,3,1,104.76,1.2246467991473532e-16,-1.0,0.0,202.0,104.76,13.0,1.1753846153846153,2.2486166687714744,0.19,8.5,0.19,232.69230769230768
15611.0,1,1,104.25,0.258819045102521,-0.9659258262890682,1.0,15.0,104.25,3.0,6.916666666666667,5.057996968497839,3.75,12.75,4.25,858.0
15615.0,25,3,1081.19,-0.8660254037844384,-0.5000000000000004,0.0,124.33333333333333,360.3966666666667,8.333333333333334,3.599855072463768,2.2005690963535063,0.85,9.95,1.95,829.0
15620.0,25,1,424.49,-0.4999999999999997,-0.8660254037844388,0.0,395.0,424.49,31.0,1.98,2.526320116955358,0.18,12.75,1.25,364.38709677419354
15628.0,33,1,319.18,0.7071067811865476,-0.7071067811865475,0.0,250.0,319.18,19.0,1.466842105263158,0.8694829410605602,0.42,2.95,1.25,1031.3684210526317
15640.0,21,3,2766.69,-0.634814791527092,-0.7625783758669438,0.5849056603773585,487.6666666666667,922.23,33.0,2.726119483538838,2.2962917860632923,0.29,12.75,1.95,806.8867924528302
15641.0,25,1,308.37,-0.4999999999999997,-0.8660254037844389,0.0,357.0,308.37,20.0,2.0385,2.0431278265907578,0.21,7.95,1.15,488.15
15646.0,38,1,189.8,-0.8660254037844384,-0.5000000000000004,0.0,230.0,189.8,17.0,1.3911764705882355,1.1555728144135986,0.12,2.95,1.25,528.5882352941177
15649.0,3,2,816.0,0.12059047744873957,-0.9159756150367535,0.0,96.0,408.0,1.0,4.25,0.0,4.25,4.25,4.25,2402.0
15658.0,39,1,306.2,0.49999999999999994,-0.8660254037844387,0.0,64.0,306.2,14.0,7.192857142857143,4.738299644016144,1.45,19.95,5.95,364.5
15660.0,32,1,209.3,0.7071067811865476,-0.7071067811865475,0.0,110.0,209.3,10.0,2.77,2.0964520292892734,0.85,7.95,2.25,722.5
15661.0,5,1,116.0,1.2246467991473532e-16,-1.0,0.0,80.0,116.0,1.0,1.45,0.0,1.45,1.45,1.45,1929.0
15680.0,32,1,478.89,-0.4999999999999997,-0.8660254037844388,0.0,331.0,478.89,30.0,2.1813333333333333,1.9451526548255056,0.42,9.95,1.5699999999999998,583.3
15689.0,28,1,103.5,0.7071067811865476,-0.7071067811865475,0.0,56.0,103.5,6.0,2.6750000000000003,2.497548798322067,1.25,7.65,1.675,308.0
15694.0,27,3,847.3299999999999,0.8265617250800188,-0.5002047491477659,0.0,64.0,282.4433333333333,4.333333333333333,8.612777777777778,3.1853101324205126,0.85,15.0,4.95,596.0
15708.0,1,2,782.45,0.258819045102521,-0.9659258262890681,1.0,169.0,391.225,36.0,3.9868398268398266,2.454265490489694,0.42,9.95,3.75,477.9767441860465
15713.0,32,1,171.15,-0.7071067811865471,-0.7071067811865479,0.0,59.0,171.15,9.0,6.288888888888889,5.362589030599968,0.85,14.95,3.95,658.7777777777778
15716.0,36,1,547.1,1.2246467991473532e-16,-1.0,1.0,435.0,547.1,35.0,2.5,1.6596955109866354,0.42,7.95,2.55,433.36842105263156
15719.0,4,1,433.04,1.2246467991473532e-16,-1.0,0.0,224.0,433.04,104.0,2.195,1.7214009873423743,0.42,7.95,1.65,642.5288461538462
15723.0,31,1,203.1,0.258819045102521,-0.9659258262890682,0.0,87.0,203.1,37.0,2.5853658536585367,2.0737117658452147,0.65,9.95,1.95,238.1219512195122
15727.0,25,1,1536.85,-0.7071067811865471,-0.7071067811865479,0.0,537.0,1536.85,65.0,6.812686567164179,21.030040460348804,0.55,125.0,1.95,490.14925373134326
15732.0,38,1,138.1,-0.7071067811865471,-0.7071067811865479,0.0,97.0,138.1,5.0,1.8439999999999999,1.5219001281293065,0.42,4.25,1.95,1173.8
15738.0,39,1,329.65000000000003,1.2246467991473532e-16,-1.0,0.0,255.0,329.65000000000003,14.0,1.8464285714285715,1.310529001486142,0.65,5.45,1.65,453.57142857142856
15750.0,33,2,340.52,0.4473684210526316,-0.880127992859761,0.0,154.0,170.26,9.5,1.9511764705882353,0.9487862796287501,0.29,7.95,1.69,1127.421052631579
15752.0,39,1,259.65000000000003,0.7071067811865476,-0.7071067811865474,0.0,153.0,259.65000000000003,14.0,1.885714285714286,1.0400496606909195,0.55,4.65,1.775,602.8571428571429
15759.0,24,1,97.24000000000001,-0.7071067811865471,-0.7071067811865479,0.0,32.0,97.24000000000001,4.0,4.3925,4.031859579234707,0.42,9.95,3.6,187.75
15769.0,2,3,5636.28,-0.3275541371565818,-0.8777572908607719,0.0,956.0,1878.7600000000002,4.0,2.3588888888888886,0.4445597072760119,1.65,3.39,1.65,996.6666666666666
15777.0,27,1,365.55,-0.8660254037844384,-0.5000000000000004,0.0,113.0,365.55,5.0,3.9599999999999995,2.868449058289165,1.25,8.5,2.55,1173.0
15780.0,24,1,177.15,0.258819045102521,-0.9659258262890682,0.0,65.0,177.15,12.0,5.058333333333334,3.694088233757807,0.55,12.75,4.85,376.4166666666667
15789.0,25,1,351.3,-0.4999999999999997,-0.8660254037844388,0.0,438.0,351.3,25.0,0.9984000000000001,0.5617508344453082,0.21,2.55,0.85,596.88
15805.0,31,1,370.80000000000007,0.7071067811865476,-0.7071067811865475,0.0,212.0,370.80000000000007,11.0,1.9727272727272727,1.3033348833595373,0.55,4.95,1.25,1031.090909090909
15808.0,5,3,2983.77,-0.5562581309629815,-0.7620254264784722,0.43537414965986393,365.3333333333333,994.59,45.333333333333336,3.5085846157568716,2.2783749060181844,0.42,12.75,2.95,578.7210884353741
15811.0,24,2,438.8,-0.6440742825645545,-0.7554733184989495,0.0,64.0,219.4,11.5,5.557589285714286,3.2905043145843518,0.85,12.75,3.75,256.4347826086956
15822.0,26,1,440.2,-0.2588190451025208,-0.9659258262890683,0.0,160.0,440.2,16.0,4.009375,3.2938942884272007,0.85,9.95,2.5250000000000004,563.375
15823.0,38,1,15.0,-0.7071067811865471,-0.7071067811865479,0.0,1.0,15.0,1.0,15.0,0.0,15.0,15.0,15.0,1.0
15827.0,39,2,190.93,-0.2588190451025208,-0.9659258262890683,0.0,54.5,95.465,7.0,4.3585714285714285,3.657037113928421,0.42,10.95,2.5250000000000004,432.35714285714283
15838.0,34,1,957.5,0.258819045102521,-0.9659258262890682,0.0,550.0,957.5,3.0,1.7833333333333332,0.11547005383792529,1.65,1.85,1.85,1559.3333333333333
15841.0,5,1,331.6,0.258819045102521,-0.9659258262890683,0.0,132.0,331.6,7.0,1.792857142857143,0.9897089519266812,1.25,3.75,1.25,732.2857142857143
15845.0,3,1,303.36,-0.9659258262890683,-0.25881904510252063,0.0,208.0,303.36,13.0,1.4530769230769232,0.32627658551665983,0.85,1.95,1.25,748.1538461538462
15854.0,28,1,230.1,0.258819045102521,-0.9659258262890682,0.0,92.0,230.1,15.0,3.9633333333333334,1.8314189138739498,0.85,5.95,4.65,799.1333333333333
15856.0,17,3,3281.31,-0.49730940992997924,-0.7774837949284227,0.0,442.6666666666667,1093.77,17.666666666666668,3.098513227513228,2.0482195222374537,0.42,10.95,2.55,690.2264150943396
15858.0,34,1,383.93,-0.4999999999999998,-0.8660254037844388,0.0,199.0,383.93,44.0,3.3095454545454546,3.5228833028256403,0.42,12.75,1.95,235.04545454545453
15860.0,35,1,102.66,0.258819045102521,-0.9659258262890682,0.0,72.0,102.66,14.0,2.5006666666666666,1.9474175818491621,0.21,8.5,2.1,662.6
15862.0,40,1,354.23,0.258819045102521,-0.9659258262890682,0.0,124.0,354.23,64.0,3.235,2.9519275381479453,0.55,16.95,2.55,303.171875
15867.0,20,3,557.22,-0.6388556828409804,-0.7594776909063075,0.32954545454545453,84.0,185.74,29.0,3.5066372627639666,2.560628953548615,0.21,19.95,2.1,414.29545454545456
15880.0,36,1,343.28000000000003,-0.2588190451025208,-0.9659258262890683,1.0,211.0,343.28000000000003,95.0,2.1701904761904762,2.0548156294573654,0.29,16.95,1.65,494.2
15881.0,28,2,155.25,-0.06911428382689061,-0.9409507206629109,0.0,51.5,77.625,2.0,2.2583333333333333,3.753775876811685,0.85,7.95,1.525,1923.75
15882.0,35,2,371.32000000000005,-0.2588190451025208,-0.9659258262890683,0.0,82.0,185.66,8.0,2.062857142857143,0.7980570499313034,0.19,4.95,2.1,381.0625
15889.0,35,1,297.92,-0.7071067811865471,-0.7071067811865479,1.0,149.0,297.92,57.0,2.9484848484848483,3.2160306362988917,0.42,21.95,2.1,214.96969696969697
15894.0,36,1,156.74,-0.4999999999999997,-0.8660254037844388,1.0,115.0,156.74,32.0,1.9965789473684212,1.7281004667925393,0.29,7.95,1.25,625.078947368421
15898.0,34,2,521.69,0.21837856930525212,-0.9659258262890682,0.0,115.0,260.845,30.0,4.908898305084746,2.4596037935695976,0.42,15.95,2.325,286.671875
15899.0,35,1,56.25,0.49999999999999994,-0.8660254037844387,0.0,39.0,56.25,4.0,4.125,5.7592678932887535,0.85,12.75,1.45,55.0
15916.0,33,2,232.45,-0.2588190451025208,-0.9659258262890683,0.0,32.5,116.225,6.5,6.375,1.913471975232457,0.85,12.75,3.75,419.61538461538464
15919.0,35,1,270.72,0.258819045102521,-0.9659258262890682,0.0,242.0,270.72,38.0,2.9171428571428573,2.6557657401711214,0.42,12.75,2.1,336.44897959183675
15922.0,40,1,369.5,-0.2588190451025208,-0.9659258262890682,0.0,138.0,369.5,11.0,4.409090909090909,3.401971353628524,1.25,12.75,2.95,253.0
15923.0,39,1,127.08,1.2246467991473532e-16,-1.0,0.0,122.0,127.08,21.0,2.814761904761905,2.6378828993107697,0.21,9.95,1.95,133.38095238095238
15945.0,32,1,181.0,-0.2588190451025208,-0.9659258262890683,0.0,52.0,181.0,2.0,2.75,2.6870057685088806,0.85,4.65,2.75,43.5
15950.0,26,1,428.82000000000005,0.258819045102521,-0.9659258262890682,0.0,135.0,428.82000000000005,28.0,3.403103448275862,1.7086316652478628,0.85,8.5,3.75,619.3103448275862
15953.0,35,1,209.84,-0.7071067811865471,-0.7071067811865479,1.0,101.0,209.84,15.0,2.533125,1.87620439096242,0.85,8.5,1.895,801.875
15955.0,39,1,572.38,0.258819045102521,-0.9659258262890681,0.0,246.0,572.38,20.0,2.9455,1.9593459569324068,1.06,7.95,2.1,535.0
15965.0,34,1,156.19,-0.2588190451025208,-0.9659258262890683,0.0,74.0,156.19,16.0,2.50125,1.8650536185321858,0.42,8.5,2.025,1082.4375
15973.0,33,1,307.82000000000005,0.258819045102521,-0.9659258262890682,0.0,106.0,307.82000000000005,4.0,4.4275,4.574570107306988,1.06,10.95,2.85,567.75
15983.0,27,3,1148.27,0.14814814814814822,-0.9603038233435374,0.0,233.33333333333334,382.75666666666666,25.666666666666668,2.133359722222222,1.618319414536609,0.42,9.95,1.65,393.71604938271605
15984.0,5,2,230.59,-0.2588190451025208,-0.9659258262890683,0.0,56.0,115.295,8.0,2.530416666666667,1.2030506975061757,0.85,8.5,2.1,1087.4117647058824
15987.0,35,1,113.48,0.8660254037844387,-0.4999999999999998,0.0,86.0,113.48,9.0,2.5755555555555554,1.9765507273474614,0.42,5.95,2.1,82.77777777777777
15996.0,32,1,263.25,-0.7071067811865471,-0.7071067811865479,0.0,95.0,263.25,31.0,3.7246875,2.5910241895448314,0.85,9.95,2.95,189.1875
15998.0,29,1,863.39,-0.2588190451025208,-0.9659258262890683,1.0,466.0,863.39,118.0,2.606271186440678,2.35546166437178,0.21,12.75,1.67,432.08474576271186
16003.0,26,1,1181.0,1.2246467991473532e-16,-1.0,0.0,184.0,1181.0,20.0,16.957,37.174546201173165,0.42,125.0,2.95,416.6
16010.0,29,1,110.1,1.2246467991473532e-16,-1.0,1.0,46.0,110.1,24.0,2.704166666666667,1.3943922368347177,0.65,5.95,2.95,609.6666666666666
16011.0,29,2,406.1,-0.5927825423775754,-0.709666621830081,0.45,114.0,203.05,19.0,2.2738636363636364,1.2494837017697882,0.65,4.95,1.95,455.05
16013.0,3,7,4408.1,0.28284271247461906,-0.86239820824806,0.0,267.14285714285717,629.7285714285715,1.4285714285714286,3.2864285714285715,2.3640936717670233,0.72,10.95,2.75,1867.0
16016.0,33,1,382.27,1.2246467991473532e-16,-1.0,0.0,146.0,382.27,59.0,3.0455072463768116,2.112822572818509,0.29,9.95,2.25,503.0144927536232
16019.0,3,2,723.35,0.34,-0.9088972745734183,0.0,125.0,361.675,12.5,4.325477941176471,2.7429438827640276,0.42,10.95,2.95,651.64
16029.0,6,7,13202.52,0.3495252090676845,-0.7569261918751607,0.0,1140.0,1886.0742857142855,4.571428571428571,2.669506493506493,1.259818811504561,0.94,4.95,1.65,1122.0
16033.0,5,3,790.83,0.08164078932375869,-0.9582752646251284,0.26262626262626265,78.33333333333333,263.61,32.333333333333336,3.784804068575998,2.2976048720986757,0.85,12.75,3.75,292.67676767676767
16037.0,25,1,300.46,0.49999999999999994,-0.8660254037844387,0.0,160.0,300.46,15.0,2.5626666666666664,2.2837577638203057,0.29,9.95,2.1,352.3333333333333
16048.0,39,2,256.44,-0.7071067811865471,-0.7071067811865479,0.0,72.0,128.22000000000003,4.0,1.1064285714285715,0.38883219541400665,0.42,2.1,1.775,753.25
16059.0,34,1,118.25,0.5,-0.8660254037844387,0.0,51.0,118.25,18.0,2.4027777777777777,1.1024667825090912,1.25,4.65,2.1,808.7222222222222
16062.0,31,1,247.56,1.2246467991473532e-16,-1.0,0.0,124.0,247.56,7.0,3.0799999999999996,4.373865567207113,0.42,12.75,1.49,1161.0
16065.0,32,1,372.09,-0.2588190451025208,-0.9659258262890683,0.0,231.0,372.09,71.0,1.8732432432432433,1.4307657764796797,0.21,8.5,1.65,586.2297297297297
16081.0,33,1,157.6,0.258819045102521,-0.9659258262890682,0.0,53.0,157.6,21.0,3.5295454545454548,2.3171544069082977,0.85,9.95,2.95,411.04545454545456
16083.0,27,1,337.98,0.258819045102521,-0.9659258262890683,0.0,384.0,337.98,17.0,1.035294117647059,0.6260902255971063,0.19,1.95,1.25,560.7647058823529
16086.0,34,1,177.26,-0.2588190451025208,-0.9659258262890683,0.0,76.0,177.26,8.0,3.3425000000000002,2.320410985764622,1.25,8.5,2.925,662.75
16098.0,40,1,430.6,0.7071067811865476,-0.7071067811865475,0.0,134.0,430.6,12.0,5.970833333333334,5.983365514389696,0.85,16.95,3.35,279.3333333333333
16112.0,5,1,72.0,0.258819045102521,-0.9659258262890682,0.0,192.0,72.0,2.0,0.39,0.04242640687119287,0.36,0.42,0.39,315.0
16122.0,33,1,105.72,0.258819045102521,-0.9659258262890681,0.0,118.0,105.72,10.0,1.7739999999999998,1.5241842991507875,0.14,3.75,1.6,284.7
16125.0,33,1,289.35,-0.7071067811865471,-0.7071067811865479,0.0,124.0,289.35,13.0,3.209230769230769,2.020670109717985,0.42,7.95,2.95,1124.3076923076924
16134.0,26,1,283.53000000000003,-0.4999999999999997,-0.8660254037844388,0.0,158.0,283.53000000000003,16.0,2.31625,1.7560329343912282,0.42,7.95,2.025,411.0625
16140.0,37,1,124.14,-0.4999999999999997,-0.8660254037844387,0.0,104.0,124.14,7.0,1.7100000000000002,1.264265267523658,0.42,3.75,1.25,941.2857142857143
16143.0,21,2,811.35,-0.419026240703139,-0.8264336481105469,0.5925925925925926,113.5,405.675,13.5,8.904176136363636,19.215640844559058,0.42,125.0,2.95,458.7037037037037
16145.0,5,2,668.84,0.6035533905932738,-0.786566092485493,0.0,254.0,334.41999999999996,17.0,2.179411764705882,2.1626723439159155,0.19,9.95,1.95,349.0
16150.0,38,1,393.42,-1.0,-1.8369701987210297e-16,0.0,174.0,393.42,22.0,3.338181818181818,2.755838194786507,0.85,9.95,1.8199999999999998,532.3636363636364
16153.0,21,1,215.01,0.7071067811865476,-0.7071067811865475,0.0,75.0,215.01,10.0,4.194,2.8029000854273933,1.45,10.95,3.35,502.0
16161.0,26,3,576.3,-0.4459378331810758,-0.6211841301223751,0.0,86.0,192.1,20.333333333333332,3.4063636363636363,2.919109358791264,0.85,12.75,2.1,567.1290322580645
16163.0,31,1,441.6,-0.8660254037844384,-0.5000000000000004,0.0,92.0,441.6,5.0,4.92,2.5878562556679996,1.45,8.5,5.45,489.4
16168.0,36,1,275.8,0.258819045102521,-0.9659258262890682,1.0,124.0,275.8,3.0,4.666666666666667,2.2227985363800595,2.1,5.95,5.95,654.0
16186.0,38,1,307.68,-0.4999999999999997,-0.8660254037844389,0.0,231.0,307.68,20.0,1.923,1.7004739277470173,0.42,5.95,1.35,536.95
16191.0,3,4,1475.22,0.07877101372685431,-0.9866666276783311,0.0,274.5,368.805,5.75,1.745,0.8553168276443547,0.65,4.25,2.1,566.9565217391304
16202.0,27,1,365.27,0.5,-0.8660254037844387,0.0,191.0,365.27,18.0,3.4850000000000003,3.4426943108047015,0.21,12.75,1.25,481.55555555555554
16203.0,38,1,170.7,-0.7071067811865471,-0.7071067811865479,0.0,70.0,170.7,11.0,3.0772727272727276,1.2720777563426766,0.85,4.25,3.75,433.0
16210.0,25,4,7000.64,0.11053108603370325,-0.9206480324055587,0.0,737.5,1750.16,9.25,2.2750595238095235,1.7489378006589273,0.42,10.95,2.1,704.1351351351351
16218.0,40,1,471.3,0.258819045102521,-0.9659258262890683,0.0,438.0,471.3,28.0,1.1696428571428572,0.4051381304714538,0.55,2.1,1.25,671.0357142857143
16221.0,34,1,166.74,-0.2588190451025208,-0.9659258262890683,0.0,52.0,166.74,12.0,2.9891666666666663,3.27500855885997,0.42,12.75,2.2,978.5
16233.0,33,1,147.39999999999998,1.2246467991473532e-16,-1.0,0.0,12.0,147.39999999999998,2.0,12.95,2.8284271247461903,10.95,14.95,12.95,114.5
16241.0,5,2,438.03000000000003,-0.5166425337492662,-0.7581415224743688,0.19718309859154928,84.0,219.01500000000001,35.0,3.1534273182957393,2.2594296136044685,0.42,9.95,2.1,664.6338028169014
16244.0,39,1,1056.63,0.258819045102521,-0.9659258262890682,0.0,619.0,1056.63,63.0,2.6331746031746035,1.8362337202746362,0.55,7.95,1.95,277.04761904761904
16250.0,40,1,226.14,0.7071067811865476,-0.7071067811865474,0.0,108.0,226.14,14.0,3.376428571428572,2.528683473645943,0.42,7.95,2.3,374.35714285714283
16255.0,6,2,673.85,-0.0700025411085713,-0.9226356432037287,0.0,178.0,336.925,30.0,4.217115384615385,4.457209656456046,0.42,24.95,2.75,589.35
16265.0,31,2,840.81,0.5,-0.8660254037844388,0.0,184.5,420.40500000000003,19.0,3.537395833333333,3.05653347424991,0.42,9.95,2.325,253.8421052631579
16270.0,20,1,1141.24,-0.4999999999999997,-0.8660254037844388,0.0,688.0,1141.24,54.0,3.222777777777778,3.7946130718137616,0.42,16.95,1.69,211.46296296296296
16271.0,24,1,133.22,-0.8660254037844384,-0.5000000000000004,0.0,128.0,133.22,16.0,1.54,0.9649870465451855,0.19,3.75,1.35,975.6875
16274.0,39,1,357.95,-0.7071067811865471,-0.7071067811865479,0.0,155.0,357.95,64.0,4.277611940298508,5.182513164055914,0.29,29.95,2.55,239.6865671641791
16282.0,6,1,168.3,0.258819045102521,-0.9659258262890682,0.0,114.0,168.3,11.0,2.731818181818182,2.3042648206394083,0.65,7.95,2.95,900.4545454545455
16293.0,33,1,378.75,-0.7071067811865471,-0.7071067811865479,0.0,189.0,378.75,16.0,3.40625,3.5162894742422255,0.85,12.75,2.1,642.5
16306.0,3,2,243.25,-0.9314166202753988,-0.31859074324705755,0.0,89.5,121.625,7.5,1.9003846153846156,1.3481196909479638,0.21,5.95,1.25,242.93333333333334
16316.0,25,1,308.21999999999997,-0.4999999999999997,-0.8660254037844389,0.0,230.0,308.21999999999997,20.0,2.2195,2.793282308079794,0.21,8.5,1.05,432.4
16326.0,1,1,267.2,1.2246467991473532e-16,-1.0,1.0,66.0,267.2,28.0,4.791666666666667,6.718875667095281,1.25,35.95,2.025,258.1666666666667
16327.0,36,1,535.6,1.2246467991473532e-16,-1.0,1.0,392.0,535.6,66.0,1.7637878787878787,1.1292948993495762,0.42,7.95,1.5499999999999998,500.6212121212121
16353.0,5,5,612.0,-0.15176380902050404,-0.9663902460147014,0.2,28.8,122.4,1.0,4.25,0.0,4.25,4.25,4.25,2402.0
16365.0,26,2,368.46,-0.8993649939620585,-0.34556281062850897,0.0,68.5,184.23000000000002,3.5,6.438333333333333,3.1641533886122946,1.06,9.95,6.75,126.14285714285714
16367.0,29,1,170.91,1.2246467991473532e-16,-1.0,1.0,91.0,170.91,33.0,2.768108108108108,2.2242649695246866,0.29,7.95,1.65,358.3783783783784
16385.0,33,1,148.23000000000002,1.2246467991473532e-16,-1.0,0.0,70.0,148.23000000000002,19.0,2.2166666666666663,2.526116254912535,0.19,9.95,1.95,282.7142857142857
16393.0,29,2,291.55,1.1102230246251565e-16,-0.9659258262890683,1.0,68.5,145.775,10.0,2.2175000000000002,0.9336045780652098,0.95,5.95,2.1,762.65
16402.0,36,1,211.8,-0.2588190451025208,-0.9659258262890683,1.0,105.0,211.8,53.0,2.6271929824561404,2.307829650176891,0.85,12.75,2.1,311.3333333333333
16411.0,36,1,131.5,-0.2588190451025208,-0.9659258262890683,1.0,70.0,131.5,19.0,2.2785714285714285,1.6106343027338197,0.55,6.95,1.65,724.3809523809524
16422.0,3,4,2432.09,-0.49226486271870684,-0.677596751298314,0.4642857142857143,649.75,608.0225,7.0,1.6875320512820513,1.4525258062766282,0.16,5.95,1.06,455.0
16442.0,27,1,151.66,0.49999999999999994,-0.8660254037844387,0.0,63.0,151.66,44.0,2.5310869565217393,1.8198610792656909,0.65,9.95,1.67,327.1521739130435
16455.0,27,3,531.98,-0.9026555587028027,-0.4115669832042579,0.0,100.66666666666667,177.32666666666668,10.0,2.0107692307692306,0.9619227730332427,0.29,4.95,1.35,449.73333333333335
16456.0,40,1,787.4,-0.4999999999999997,-0.8660254037844388,0.0,392.0,787.4,16.0,1.965625,0.2930976799635236,1.65,2.95,1.95,1171.8125
16458.0,27,1,193.9,0.258819045102521,-0.9659258262890681,0.0,86.0,193.9,10.0,2.58,1.3174470261329931,0.85,4.95,1.95,1549.8
16470.0,25,1,216.34,0.258819045102521,-0.9659258262890682,0.0,99.0,216.34,39.0,2.5648717948717947,1.7200564124697404,0.18,6.35,2.1,290.87179487179486
16473.0,3,1,149.41,0.49999999999999994,-0.8660254037844387,0.0,79.0,149.41,8.0,3.7425,3.527000951840772,0.85,9.95,1.895,108.375
16477.0,19,2,544.4,-0.14901702596811797,-0.9803815363482514,0.0,159.0,272.2,16.5,2.373684210526316,1.6564772404474324,0.65,5.95,1.65,719.1818181818181
16499.0,27,2,365.45,0.14055939968827957,-0.9133466565497895,0.0,63.5,182.72500000000002,9.5,4.284722222222222,3.6569199211179626,0.85,12.75,3.75,661.421052631579
16503.0,27,1,488.09,-0.2588190451025208,-0.9659258262890683,0.0,219.0,488.09,30.0,3.1546666666666665,2.466461563389578,0.42,9.95,2.325,347.1
16510.0,39,1,248.1,-0.2588190451025208,-0.9659258262890683,0.0,92.0,248.1,13.0,5.346153846153846,3.954768300127368,1.25,12.75,4.95,368.53846153846155
16519.0,32,1,103.7,-0.4999999999999997,-0.8660254037844389,0.0,24.0,103.7,5.0,6.12,4.74784161488144,0.85,12.75,5.95,75.8
16520.0,32,1,325.76,-0.2588190451025208,-0.9659258262890683,0.0,217.0,325.76,60.0,2.2479999999999998,1.5930525010766097,0.42,7.95,1.95,459.8333333333333
16525.0,25,2,802.44,0.47567845891749166,-0.7995237454715438,0.0,147.0,401.22,7.0,4.394555555555556,2.609696609481187,0.64,8.5,2.9699999999999998,790.6428571428571
16531.0,27,1,92.82,-0.2588190451025208,-0.9659258262890683,0.0,74.0,92.82,6.0,2.09,1.5833003505336567,0.42,3.75,2.1,872.6666666666666
16532.0,5,1,1910.4,1.2246467991473532e-16,-1.0,0.0,480.0,1910.4,1.0,3.98,0.0,3.98,3.98,3.98,2402.0
16539.0,24,2,747.25,-0.7547823679659145,-0.6449747468305838,0.0,177.5,373.625,15.0,3.9563492063492065,2.0575478614591383,0.85,7.95,2.25,282.4
16546.0,39,1,299.40000000000003,1.2246467991473532e-16,-1.0,0.0,156.0,299.40000000000003,6.0,1.8416666666666668,0.6938419608719746,0.55,2.55,2.1,949.3333333333334
16549.0,1,1,119.49000000000001,-0.49999999999999967,-0.8660254037844388,1.0,56.0,119.49000000000001,33.0,2.275151515151515,2.132985175188931,0.42,9.95,1.65,545.8181818181819
16550.0,35,1,554.66,-0.2588190451025208,-0.9659258262890683,0.0,257.0,554.66,48.0,2.7727083333333336,2.584801518848976,0.55,12.75,2.1,341.8541666666667
16551.0,3,1,311.07,0.49999999999999994,-0.8660254037844388,0.0,281.0,311.07,11.0,2.62,2.924517054147573,0.42,9.95,1.25,324.09090909090907
16552.0,40,1,95.29,1.2246467991473532e-16,-1.0,0.0,39.0,95.29,5.0,4.638,4.790377855660241,0.85,12.75,2.95,1835.8
16553.0,27,2,1609.44,-0.2588190451025208,-0.9659258262890683,0.0,534.0,804.72,8.5,2.2177272727272728,1.283320784433333,0.42,4.25,2.1,573.1176470588235
16556.0,27,1,310.85,-0.2588190451025208,-0.9659258262890683,0.0,187.0,310.85,16.0,2.8375,2.38491788817421,0.55,7.95,2.75,1148.3125
16558.0,23,2,880.5500000000001,-0.2525381361380525,-0.8953952789951958,0.0,201.0,440.275,21.0,3.422407407407407,2.8064402832796054,0.42,12.75,2.55,736.6428571428571
16560.0,25,1,332.18,-0.4999999999999997,-0.8660254037844388,0.0,173.0,332.18,21.0,4.081428571428571,3.869252234882453,0.0,12.75,2.95,408.04761904761904
16565.0,30,1,173.7,-0.7071067811865471,-0.7071067811865479,0.0,46.0,173.7,3.0,5.116666666666667,1.4433756729740645,3.45,5.95,5.95,301.3333333333333
16567.0,3,1,557.5600000000001,0.7071067811865477,-0.7071067811865475,0.0,476.0,557.5600000000001,26.0,2.4180769230769235,2.392406352158043,0.38,7.95,1.25,215.30769230769232
16583.0,40,1,233.45,1.2246467991473532e-16,-1.0,0.0,111.0,233.45,14.0,2.564285714285714,1.1941248117069112,1.25,4.95,2.55,297.5
16596.0,32,1,120.65,-0.8660254037844384,-0.5000000000000004,0.0,47.0,120.65,6.0,4.2,3.1481740739673207,0.65,9.95,3.35,436.8333333333333
16600.0,5,1,125.86,1.2246467991473532e-16,-1.0,0.0,182.0,125.86,9.0,0.9133333333333334,0.5792236183029833,0.19,1.95,0.85,749.6666666666666
16607.0,23,2,654.8199999999999,0.6693838806630654,-0.5258883476483183,0.0,57.5,327.40999999999997,4.0,84.38,110.79280451966787,0.42,295.0,2.325,234.0
16634.0,38,1,164.8,-0.9659258262890683,-0.25881904510252063,0.0,64.0,164.8,8.0,4.699999999999999,4.251050290390432,1.25,12.75,3.1,260.5
16638.0,26,2,70.80000000000001,0.3333333333333333,-0.9106836025229592,0.0,24.0,35.400000000000006,1.5,1.475,0.0,0.85,2.1,2.1,1788.0
16654.0,34,1,227.4,-0.7071067811865471,-0.7071067811865479,0.0,63.0,227.4,9.0,5.699999999999999,5.080046751753373,1.25,16.95,4.25,328.8888888888889
16656.0,6,2,739.04,0.3794095225512605,-0.9159756150367535,0.0,292.0,369.52,4.0,2.6262499999999998,2.1118467447488305,0.72,8.5,1.65,391.875
16658.0,35,1,123.24,-0.2588190451025208,-0.9659258262890683,0.0,40.0,123.24,8.0,3.02125,2.6648582781936345,0.42,7.95,1.9,329.75
16665.0,29,1,135.39999999999998,-0.4999999999999997,-0.8660254037844388,1.0,59.0,135.39999999999998,9.0,5.388888888888889,4.063386655378873,1.25,12.75,3.75,137.66666666666666
16670.0,25,1,403.61,0.49999999999999994,-0.8660254037844387,0.0,256.0,403.61,29.0,3.1703448275862067,2.8838100823620487,0.42,10.95,1.95,403.7586206896552
16676.0,4,1,464.82,-0.2588190451025208,-0.9659258262890683,0.0,204.0,464.82,29.0,4.222758620689655,3.270402876614662,0.42,12.75,4.25,249.68965517241378
16679.0,33,1,129.75,-0.2588190451025208,-0.9659258262890683,0.0,29.0,129.75,3.0,6.916666666666667,5.057996968497839,3.75,12.75,4.25,806.0
16684.0,21,4,3113.4,-0.18144740578253338,-0.6667258645115043,0.5217391304347826,337.0,778.35,5.75,3.7953124999999996,3.9181068970878195,1.06,12.75,2.1,568.2173913043479
16686.0,21,1,364.98,-0.4999999999999998,-0.8660254037844389,1.0,319.0,364.98,79.0,2.4166279069767445,2.0648774984117906,0.29,10.65,2.1,426.5581395348837
16700.0,32,1,336.94,-0.8660254037844384,-0.5000000000000004,0.0,238.0,336.94,14.0,1.887142857142857,1.5360660471148047,0.29,5.95,1.5499999999999998,1216.2857142857142
16701.0,28,1,476.76,0.258819045102521,-0.9659258262890682,0.0,366.0,476.76,11.0,2.1754545454545453,1.9911371807907339,0.42,6.75,1.25,539.1818181818181
16705.0,25,2,1131.72,0.49999999999999994,-0.8660254037844387,0.0,364.0,565.86,7.5,3.041666666666667,2.090191207280961,0.65,7.65,2.55,733.4
16710.0,27,2,524.97,-0.31348672821261603,-0.9432817305213522,0.0,124.5,262.485,35.0,2.7943103448275863,2.150166189767905,0.12,12.75,1.95,507.06666666666666
16711.0,24,1,214.20000000000002,1.2246467991473532e-16,-1.0,0.0,36.0,214.20000000000002,1.0,5.95,0.0,5.95,5.95,5.95,278.0
16713.0,21,2,758.54,-0.15076837578787614,-0.9801509667703311,0.0,150.0,379.27,51.5,3.477736434108527,2.1968172284223746,0.42,9.95,3.25,400.71844660194176
16717.0,32,1,307.25,-0.8660254037844385,-0.5000000000000004,0.0,75.0,307.25,15.0,4.71,1.9984994370777291,2.95,9.95,4.25,663.3333333333334
16718.0,36,1,623.75,-0.2588190451025208,-0.9659258262890683,1.0,413.0,623.75,41.0,2.336888888888889,2.08244264596588,0.42,8.5,1.65,275.9555555555556
16719.0,5,2,583.18,0.06901841202733902,-0.9909135536770849,0.0,147.0,291.59000000000003,30.0,3.9082102272727273,2.9454369701405048,0.21,12.75,3.75,540.1833333333333
16722.0,32,2,799.52,-0.4311626714552116,-0.8214065738942364,0.0,297.0,399.76,20.5,1.5749749999999998,0.9105019599187946,0.21,3.75,1.25,298.6829268292683
16725.0,5,4,439.5,-0.8366600061304802,-0.5382697313062103,0.0,40.25,109.875,21.0,3.146547298919568,2.3499942113835677,0.21,16.95,2.95,425.2173913043478
16726.0,28,1,129.57,-0.2588190451025208,-0.9659258262890683,0.0,57.0,129.57,20.0,2.271,1.2218962829617697,0.42,4.95,2.1,896.45
16727.0,31,1,272.82,-0.2588190451025208,-0.9659258262890683,0.0,177.0,272.82,41.0,1.663695652173913,0.9251314830171792,0.29,4.25,1.45,592.3695652173913
16735.0,1,1,660.36,1.2246467991473532e-16,-1.0,1.0,385.0,660.36,33.0,2.9065957446808515,2.351798827350955,0.21,12.75,2.1,588.2340425531914
16743.0,25,1,430.28000000000003,1.2246467991473532e-16,-1.0,0.0,338.0,430.28000000000003,30.0,1.6566666666666667,0.6013567036771698,0.42,2.95,1.67,571.8
16746.0,25,1,311.64,0.258819045102521,-0.9659258262890682,0.0,236.0,311.64,11.0,2.148181818181818,1.7078923747228232,0.21,4.95,1.95,575.3636363636364
16748.0,1,1,479.0,-0.2588190451025208,-0.9659258262890683,1.0,260.0,479.0,15.0,1.8566666666666665,0.28900486072695997,0.85,1.95,1.95,854.9333333333333
16752.0,39,1,207.5,1.2246467991473532e-16,-1.0,0.0,54.0,207.5,9.0,13.594444444444443,25.421785003767493,0.85,79.95,2.95,235.44444444444446
16754.0,38,1,2002.4,-0.9659258262890683,-0.25881904510252063,0.0,4280.0,2002.4,2.0,0.62,0.6222539674441618,0.18,1.06,0.62,4098.5
16770.0,24,2,262.20000000000005,-0.7071067811865471,-0.7071067811865479,0.0,60.0,131.10000000000002,6.0,2.6208333333333336,0.9261323239010479,0.85,3.75,2.5250000000000004,1172.75
16771.0,5,1,296.66,-0.2588190451025208,-0.9659258262890683,0.0,303.0,296.66,34.0,2.3791176470588233,2.227326659101851,0.42,5.95,1.35,275.29411764705884
16775.0,33,1,231.9,-0.7071067811865471,-0.7071067811865479,0.0,62.0,231.9,18.0,4.208333333333333,1.702096458177731,1.25,7.95,3.85,454.6111111111111
16779.0,3,3,1122.78,0.12238386597459489,-0.9493069428976717,0.5192307692307693,174.33333333333334,374.26000000000005,17.0,3.0133564814814817,2.3105831779245887,0.42,12.75,2.1,400.90384615384613
16781.0,39,1,311.25,-0.49999999999999967,-0.8660254037844388,0.0,113.0,311.25,17.0,5.008823529411765,3.7148450209142996,0.85,14.95,3.75,206.47058823529412
16782.0,26,2,577.99,0.258819045102521,-0.9659258262890682,0.0,76.0,288.995,44.0,3.054555555555556,2.317818430176442,0.85,12.75,2.55,544.0842105263158
16795.0,32,1,414.88,-0.4999999999999998,-0.8660254037844388,0.0,239.0,414.88,64.0,2.2053030303030305,2.063334284186246,0.42,12.75,1.65,380.8636363636364
16805.0,27,1,214.77,-0.2588190451025208,-0.9659258262890683,0.0,270.0,214.77,55.0,1.4207272727272728,0.8026895865716538,0.14,4.65,1.25,235.47272727272727
16812.0,27,1,479.35,1.2246467991473532e-16,-1.0,0.0,81.0,479.35,15.0,5.533333333333333,3.505692649446176,0.85,14.95,4.65,571.3333333333334
16814.0,5,2,917.4200000000001,-0.19237065739086967,-0.9065255750700995,0.40540540540540543,153.0,458.71000000000004,18.5,3.8356515151515147,2.652616768478768,0.85,12.75,2.95,549.6216216216217
16816.0,24,1,75.78,-0.9659258262890683,-0.25881904510252063,0.0,48.0,75.78,5.0,1.7280000000000002,0.5761249864395745,1.25,2.55,1.49,687.6
16817.0,26,2,367.3,-0.0976310729378173,-0.8130525295851416,0.0,111.0,183.65,7.5,3.3099999999999996,2.6344681690141263,0.85,9.95,1.25,1012.4
16833.0,1,1,309.48,-0.2588190451025208,-0.9659258262890683,1.0,160.0,309.48,18.0,2.8844444444444446,2.2650937449038646,0.42,8.5,2.025,956.8888888888889
16835.0,39,1,81.75,-0.9659258262890683,-0.25881904510252063,0.0,19.0,81.75,5.0,5.340000000000001,2.5885324027332555,2.1,7.95,4.95,123.0
16839.0,3,2,979.71,0.5670168636602892,-0.7879877327810851,0.3125,280.5,489.855,8.0,3.3074545454545454,3.043506523990625,0.42,10.95,2.55,690.9375
16858.0,35,1,375.69000000000005,0.7071067811865476,-0.7071067811865475,0.0,91.0,375.69000000000005,9.0,5.349,2.18286483523119,2.1,7.95,5.85,153.3
16863.0,33,1,164.25,0.8660254037844387,-0.4999999999999998,0.0,105.0,164.25,9.0,1.5611111111111111,0.8298259523003068,0.85,2.95,1.45,826.8888888888889
16873.0,30,1,2157.64,-0.7071067811865471,-0.7071067811865479,0.0,1040.0,2157.64,68.0,5.590882352941176,21.046793334320416,0.29,175.0,1.95,508.3235294117647
16875.0,6,1,368.8,0.49999999999999994,-0.8660254037844388,0.0,140.0,368.8,22.0,5.968181818181818,5.144218795209532,0.85,16.95,5.45,369.90909090909093
16883.0,38,1,128.03,0.5,-0.8660254037844387,0.0,54.0,128.03,17.0,3.6611764705882353,4.765605788293002,1.25,19.95,1.49,492.4117647058824
16885.0,23,1,190.65,-0.9659258262890683,-0.25881904510252063,0.0,37.0,190.65,27.0,5.473333333333333,3.1031056004938162,1.25,11.95,4.25,147.83333333333334
16889.0,3,1,523.05,0.49999999999999994,-0.8660254037844387,0.0,365.0,523.05,47.0,2.8395833333333336,2.850072009790788,0.42,12.75,1.65,438.2708333333333
16891.0,38,1,232.26,0.258819045102521,-0.9659258262890682,0.0,92.0,232.26,63.0,2.7514492753623188,1.8406666594105638,0.42,9.95,2.1,363.28985507246375
16893.0,33,1,145.93,1.2246467991473532e-16,-1.0,0.0,62.0,145.93,44.0,2.5971111111111114,1.985881556275589,0.65,9.95,1.95,476.06666666666666
16898.0,35,1,116.08,1.2246467991473532e-16,-1.0,0.0,98.0,116.08,29.0,2.2528125,2.4625835297770164,0.18,10.95,1.25,261.40625
16899.0,27,1,170.55,-0.2588190451025208,-0.9659258262890683,0.0,75.0,170.55,16.0,2.4625,2.322032155964541,0.65,7.95,1.65,534.4375
16904.0,34,2,338.70000000000005,-0.2588190451025208,-0.9659258262890683,0.0,69.5,169.35,15.5,5.358333333333333,1.1173655387233117,0.85,7.95,2.1,775.2903225806451
16905.0,38,1,254.39999999999998,0.4999999999999999,-0.8660254037844387,0.0,108.0,254.39999999999998,10.0,3.947,2.796144369186494,0.42,8.5,3.2,493.0
16907.0,31,1,182.01999999999998,-0.8660254037844384,-0.5000000000000004,0.0,68.0,182.01999999999998,33.0,2.6629411764705884,1.6003210462217863,0.55,7.95,2.1,256.7647058823529
16916.0,39,1,198.08,-0.2588190451025208,-0.9659258262890682,0.0,103.0,198.08,48.0,2.5418000000000003,2.0122610797461706,0.42,9.95,1.67,392.94
16919.0,27,2,540.01,-0.33076923076923054,-0.9113706517343211,0.0,105.5,270.005,32.5,3.217019027484144,2.570856637168397,0.85,8.5,2.1,343.4
16923.0,1,2,915.7,0.3370398953395412,-0.9335256892605397,1.0,154.0,457.85,34.5,4.404625,3.3250523265272527,0.85,12.75,2.75,441.13513513513516
16926.0,38,1,230.25,-0.2588190451025208,-0.9659258262890683,0.0,35.0,230.25,14.0,6.978571428571429,2.100156980003957,1.45,8.5,7.95,100.64285714285714
16927.0,28,1,218.1,0.258819045102521,-0.9659258262890682,0.0,490.0,218.1,2.0,1.035,0.8697413408594534,0.42,1.65,1.035,283.5
16928.0,39,1,116.25,-0.7071067811865471,-0.7071067811865479,0.0,93.0,116.25,6.0,1.25,0.0,1.25,1.25,1.25,320.6666666666667
16931.0,24,2,364.66,0.003195296853117653,-0.9659258262890683,0.5061728395061729,91.0,182.33,40.0,2.3243201219512195,1.3762651539273767,0.42,9.95,2.1,427.7901234567901
16945.0,24,1,279.85,-0.9659258262890682,-0.25881904510252063,0.0,157.0,279.85,19.0,2.1605263157894736,1.3644879938570793,0.85,5.95,1.95,617.2631578947369
16950.0,33,1,172.0,-0.7071067811865471,-0.7071067811865479,0.0,32.0,172.0,3.0,7.816666666666666,6.407287517610968,2.55,14.95,5.95,73.66666666666667
16954.0,26,1,346.79999999999995,0.49999999999999994,-0.8660254037844387,0.0,194.0,346.79999999999995,12.0,3.6916666666666664,4.137677946370257,0.55,12.75,1.95,441.6666666666667
16955.0,2,3,354.98,-0.44731790134050015,-0.8212289740674155,0.0,64.66666666666667,118.32666666666667,5.0,3.6304166666666666,4.138775933357044,0.85,16.95,1.69,177.66666666666666
16983.0,36,1,163.49,1.2246467991473532e-16,-1.0,1.0,107.0,163.49,9.0,2.4766666666666666,1.5582602478405205,0.42,4.95,2.95,345.77777777777777
16985.0,25,1,933.3199999999999,0.5,-0.8660254037844387,0.0,367.0,933.3199999999999,18.0,3.193888888888889,2.257948415210506,0.42,8.5,2.55,742.6111111111111
16996.0,19,2,127.54000000000002,-0.37089097912352736,-0.9012210650134382,0.0,23.0,63.77,2.0,3.74,0.7274613391789284,1.69,4.95,2.95,1058.75
17001.0,25,1,397.96,0.7071067811865476,-0.7071067811865475,0.0,260.0,397.96,12.0,2.388333333333333,2.1140647333915052,0.21,7.95,1.95,1020.5833333333334
17007.0,24,2,207.12,-0.2588190451025208,-0.9659258262890683,0.0,52.0,103.56,6.0,3.4025,3.4715010708544867,0.85,12.75,2.25,464.25
17017.0,26,5,2357.64,0.027684744996984294,-0.8904099466255544,0.0,401.6,471.52799999999996,14.6,1.5971269841269842,0.9187091723206839,0.29,4.25,1.45,1006.1095890410959
17019.0,35,1,358.82,1.2246467991473532e-16,-1.0,0.0,223.0,358.82,48.0,2.1342857142857143,2.1759356225158255,0.29,9.95,1.65,456.16326530612247
17025.0,39,2,160.97,-0.7071067811865471,-0.7071067811865479,0.0,69.5,80.485,2.5,3.46375,0.25104780421266376,0.65,5.95,1.06,712.8
17026.0,36,1,33.15,1.2246467991473532e-16,-1.0,1.0,25.0,33.15,3.0,4.816666666666666,6.8704682033565465,0.85,12.75,0.85,910.0
17033.0,26,1,307.8,-0.2588190451025208,-0.9659258262890683,0.0,124.0,307.8,8.0,3.35,2.8834503141697643,1.25,7.95,2.0999999999999996,111.25
17041.0,27,1,304.5,0.258819045102521,-0.9659258262890683,0.0,190.0,304.5,17.0,2.6841176470588235,1.7578717914837012,0.42,4.95,2.95,497.29411764705884
17059.0,36,1,722.36,1.2246467991473532e-16,-1.0,1.0,471.0,722.36,115.0,2.1335897435897437,2.0857122580409255,0.42,12.75,1.65,537.5982905982906
17062.0,25,3,435.73,0.12940952255126056,-0.9829629131445341,0.5,112.0,145.24333333333334,17.0,2.2944871794871795,1.9180123963500353,0.19,8.5,1.45,466.4807692307692
17068.0,24,2,297.45,-0.36004530808923646,-0.9074828161046282,0.0,59.0,148.72500000000002,15.5,3.476041666666667,2.5669119631708046,1.25,12.75,2.1,685.741935483871
17069.0,21,2,583.2,-0.07793382467803164,-0.7111685021833303,0.0,116.0,291.6,13.0,3.122727272727273,1.911981905364517,0.65,7.95,3.35,613.1538461538462
17076.0,31,1,151.5,0.49999999999999994,-0.8660254037844387,0.0,58.0,151.5,7.0,4.835714285714286,4.697314328929021,0.85,12.75,1.65,339.14285714285717
17085.0,21,2,740.44,0.09243537325090044,-0.9878306522460958,0.6428571428571429,182.0,370.22,41.5,2.5341851851851853,1.5440537740394134,0.85,9.95,2.1,563.5357142857143
17090.0,21,1,61.199999999999996,-0.2588190451025208,-0.9659258262890683,0.0,24.0,61.199999999999996,2.0,2.55,0.0,2.55,2.55,2.55,144.0
17091.0,34,1,293.45000000000005,0.7071067811865477,-0.7071067811865475,0.0,101.0,293.45000000000005,13.0,3.5,1.2308533625091171,2.1,4.95,3.75,838.3846153846154
17095.0,1,1,313.15,0.258819045102521,-0.9659258262890682,1.0,143.0,313.15,16.0,3.700625,2.9200627133676424,0.29,9.95,3.35,181.9375
17097.0,31,1,174.72,-0.4999999999999997,-0.8660254037844389,0.0,67.0,174.72,40.0,3.22425,4.890014360788519,0.42,29.95,1.7999999999999998,351.85
17114.0,1,1,142.24,0.258819045102521,-0.9659258262890682,1.0,82.0,142.24,28.0,3.462413793103448,2.4833325178253256,0.42,9.95,2.95,466.48275862068965
17126.0,29,1,212.6,0.258819045102521,-0.9659258262890682,1.0,88.0,212.6,50.0,2.5588709677419357,2.2302966830789908,0.65,9.95,1.65,474.0806451612903
17128.0,1,1,157.09,1.2246467991473532e-16,-1.0,1.0,76.0,157.09,14.0,3.985,2.7970857086507843,0.85,8.5,2.95,865.7142857142857
17135.0,38,1,215.57999999999998,0.7071067811865476,-0.7071067811865475,0.0,222.0,215.57999999999998,9.0,1.21,0.6720677049226513,0.42,2.55,1.25,550.8888888888889
17146.0,25,1,298.25,1.2246467991473532e-16,-1.0,0.0,91.0,298.25,16.0,5.584375,3.3685169214359005,1.25,12.75,5.95,682.625
17158.0,27,1,413.79,-0.2588190451025208,-0.9659258262890682,0.0,251.0,413.79,25.0,2.9295999999999998,2.8161712779351094,0.65,8.5,1.25,774.08
17179.0,28,1,243.0,-0.4999999999999997,-0.8660254037844389,0.0,98.0,243.0,20.0,2.2275,1.0707197530043444,0.85,3.75,1.7999999999999998,394.8
17181.0,40,1,155.52,1.2246467991473532e-16,-1.0,0.0,216.0,155.52,2.0,0.805,0.36062445840513924,0.55,1.06,0.805,818.0
17188.0,6,2,902.36,1.2246467991473532e-16,-1.0,0.375,222.0,451.18,8.0,2.8931666666666667,3.5726372424836046,0.42,10.95,1.25,954.625
17189.0,25,1,227.22,-0.9659258262890682,-0.25881904510252063,0.0,103.0,227.22,36.0,2.4692105263157895,2.3133366350173143,0.29,8.5,1.45,384.9736842105263
17191.0,34,3,510.11,-0.4999999999999997,-0.8660254037844388,0.0,106.66666666666667,170.03666666666666,23.666666666666668,2.593915151515152,2.4939328634089653,0.19,16.95,1.95,421.80555555555554
17194.0,27,1,252.62,1.2246467991473532e-16,-1.0,0.0,118.0,252.62,26.0,3.6942857142857144,4.420827330456855,0.21,20.0,2.45,292.7857142857143
17198.0,32,2,521.66,-0.42482671535662964,-0.8971631978118558,0.0,121.0,260.83,38.0,3.1298938679245287,3.1543979320341275,0.21,12.75,1.65,228.66233766233765
17211.0,20,3,779.71,0.006901841202734008,-0.9809184627218783,0.7333333333333333,167.0,259.90333333333336,25.0,2.7719242424242423,1.9503135661055078,0.29,7.95,1.95,569.24
17213.0,20,2,615.85,0.2397233168531274,-0.8323418030103479,0.0,108.5,307.925,15.5,3.8877083333333333,2.2266445567853737,0.85,7.95,3.25,673.8064516129032
17214.0,25,1,171.05,-0.7071067811865471,-0.7071067811865479,0.0,43.0,171.05,14.0,5.142857142857143,3.3409957718100673,1.65,12.75,4.6,258.57142857142856
17218.0,21,3,606.28,-0.33866084744741803,-0.8058315715864783,0.4742268041237113,79.66666666666667,202.09333333333333,31.333333333333332,3.243161396690809,1.985046568969907,0.42,12.75,2.95,462.7216494845361
17220.0,30,1,317.5,-0.4999999999999997,-0.8660254037844388,0.0,83.0,317.5,31.0,3.9562500000000003,2.407808198877279,0.95,9.95,3.35,329.4375
17223.0,35,1,292.84000000000003,-0.4999999999999997,-0.8660254037844388,0.0,64.0,292.84000000000003,29.0,5.111666666666666,6.541807239136827,0.42,35.0,2.75,434.03333333333336
17227.0,35,1,142.25,0.258819045102521,-0.9659258262890681,0.0,92.0,142.25,10.0,1.455,0.8908329435608753,0.55,2.95,1.1,536.2
17228.0,34,2,355.95,-0.319615242270663,-0.6464101615137757,0.0,105.5,177.97500000000002,15.0,1.9388888888888889,0.8854902122665732,0.65,3.75,1.95,770.8
17230.0,20,6,2760.01,-0.13594062734746698,-0.8823952909684271,0.0,225.83333333333334,460.0016666666667,6.833333333333333,1.8946717171717171,1.4443244265621684,0.72,10.95,1.95,1022.9512195121952
17231.0,28,1,232.01,-0.4999999999999997,-0.8660254037844388,0.0,116.0,232.01,50.0,2.346346153846154,2.427901562146849,0.29,9.95,1.65,332.75
17235.0,39,1,341.9,-0.2588190451025208,-0.9659258262890683,0.0,126.0,341.9,10.0,3.4300000000000006,2.6075957423564637,0.85,7.95,2.3,252.3
17236.0,29,1,126.28,0.258819045102521,-0.9659258262890682,1.0,67.0,126.28,9.0,2.8755555555555556,1.5271633107751699,1.25,5.95,2.1,602.2222222222222
17238.0,37,2,370.09000000000003,-0.7071067811865471,-0.7071067811865479,0.0,63.0,185.04500000000002,30.0,3.888851674641148,2.402345521217983,0.42,9.95,2.95,354.3833333333333
17243.0,1,4,1123.8500000000001,0.49999999999999994,-0.8660254037844387,1.0,90.75,280.96250000000003,13.0,3.848717532467533,2.5143025498350826,0.55,12.75,3.75,557.0727272727273
17251.0,29,1,283.28000000000003,0.258819045102521,-0.9659258262890682,1.0,110.0,283.28000000000003,37.0,3.503589743589744,1.9546913704153528,0.29,8.5,3.35,358.38461538461536
17259.0,35,1,381.64,1.2246467991473532e-16,-1.0,0.0,275.0,381.64,74.0,2.214022988505747,1.9039838648488903,0.42,9.95,1.65,383.9655172413793
17262.0,33,1,268.86,-0.2588190451025208,-0.9659258262890683,0.0,74.0,268.86,2.0,3.5700000000000003,0.2545584412271569,3.39,3.75,3.5700000000000003,285.0
17284.0,3,1,716.11,-0.4999999999999998,-0.8660254037844388,0.0,571.0,716.11,130.0,1.7929007633587786,1.5054646553598905,0.21,8.5,1.25,329.67175572519085
17287.0,34,2,222.7,1.2246467991473532e-16,-1.0,0.0,54.0,111.35,11.0,2.9103846153846153,2.9365920844216955,1.25,12.75,1.8199999999999998,828.7727272727273
17288.0,25,1,133.56,-0.2588190451025208,-0.9659258262890683,0.0,156.0,133.56,7.0,0.9271428571428572,0.409907074254409,0.42,1.25,1.25,909.4285714285714
17293.0,27,1,346.14,-0.4999999999999997,-0.8660254037844387,0.0,208.0,346.14,14.0,2.9314285714285715,3.1127871684463035,0.65,12.75,1.8199999999999998,711.7142857142857
17303.0,28,1,250.04,-0.2588190451025208,-0.9659258262890683,0.0,144.0,250.04,53.0,2.940943396226415,3.024500762459651,0.3,16.95,1.95,506.20754716981133
17306.0,20,1,324.0,-0.2588190451025208,-0.9659258262890683,0.0,1296.0,324.0,1.0,0.25,0.0,0.25,0.25,0.25,2764.0
17315.0,6,2,299.48,0.18604651162790706,-0.9501489874546749,0.0,99.0,149.74,20.5,2.195011574074074,1.5054439707730771,0.42,6.95,1.65,294.6046511627907
17320.0,34,1,450.92,-0.7071067811865471,-0.7071067811865479,0.0,210.0,450.92,22.0,3.860909090909091,2.993104629757424,0.42,7.95,2.75,525.5454545454545
17324.0,33,1,127.05000000000001,1.2246467991473532e-16,-1.0,0.0,51.0,127.05000000000001,6.0,2.033333333333333,1.8345753368740862,0.85,4.95,0.8999999999999999,470.5
17338.0,28,1,767.6,1.2246467991473532e-16,-1.0,0.0,336.0,767.6,55.0,2.8591071428571433,1.8445006979330003,0.42,10.95,2.95,531.625
17339.0,31,1,60.0,-0.4999999999999997,-0.8660254037844388,0.0,16.0,60.0,4.0,3.75,0.0,3.75,3.75,3.75,876.25
17340.0,20,2,4360.39,-0.8022608418860034,-0.5422951135085966,0.0,1227.0,2180.1949999999997,68.0,2.5412953488372096,1.7195443699057211,0.12,10.95,2.1,558.8235294117648
17341.0,33,1,513.6,1.2246467991473532e-16,-1.0,0.0,291.0,513.6,127.0,2.136211180124224,1.5797495624700206,0.29,9.95,1.69,383.93167701863354
17343.0,21,1,193.64,-0.7071067811865471,-0.7071067811865479,1.0,56.0,193.64,17.0,4.70235294117647,3.7913182559166745,0.29,16.95,3.75,655.7647058823529
17346.0,26,2,247.84,-0.3062589672078668,-0.8915318946366847,0.0,68.5,123.92000000000002,20.5,3.053345238095238,2.1297371798660167,0.42,9.95,1.95,560.2127659574468
17358.0,22,1,246.70000000000002,-0.4999999999999997,-0.8660254037844388,1.0,157.0,246.70000000000002,40.0,2.1785714285714284,1.733539409709921,0.29,8.5,1.45,400.2857142857143
17368.0,4,1,563.15,0.258819045102521,-0.9659258262890683,0.0,711.0,563.15,17.0,0.8764705882352941,0.4704644138570763,0.21,1.65,0.85,251.7058823529412
17371.0,27,1,97.63,-0.7071067811865471,-0.7071067811865479,0.0,40.0,97.63,7.0,4.69125,4.124492825964008,1.25,12.75,3.795,133.125
17372.0,27,2,370.78000000000003,-0.10007669743964129,-0.9868246528317731,0.6133333333333333,117.5,185.39,36.5,2.2461469265367313,1.4214988548037581,0.29,7.95,1.45,519.6533333333333
17375.0,27,1,109.71000000000001,-0.7071067811865471,-0.7071067811865479,0.0,69.0,109.71000000000001,21.0,2.786190476190476,2.5872929408756096,0.42,8.5,1.65,482.0
17377.0,23,3,785.08,0.02969699007723605,-0.7874972609457149,0.0,85.0,261.6933333333333,14.666666666666666,3.242037037037037,2.041028436023993,0.29,9.95,2.95,925.2727272727273
17381.0,35,3,3603.7200000000003,0.3214121732666126,-0.866866718721158,0.0,962.6666666666666,1201.24,3.6666666666666665,1.668,1.9588676062844574,0.29,8.5,1.06,1147.3636363636363
17392.0,24,1,312.41,-0.9659258262890684,0.2588190451025203,0.0,221.0,312.41,41.0,3.710612244897959,5.499594079021979,0.29,26.95,2.1,424.0
17396.0,38,1,397.5,0.7071067811865476,-0.7071067811865475,0.0,106.0,397.5,3.0,3.75,0.0,3.75,3.75,3.75,368.6666666666667
17400.0,19,1,424.17,-0.9659258262890683,-0.25881904510252063,0.0,250.0,424.17,37.0,2.851081081081081,2.033391780285376,0.29,8.95,2.55,347.43243243243245
17402.0,35,2,459.96999999999997,-0.6884281255163794,-0.7178909080658196,1.0,60.0,229.985,12.0,3.9769565217391305,3.7462402232473933,0.42,14.95,2.95,210.41666666666666
17404.0,24,2,3834.2999999999997,0.47081465211144147,-0.8698677277269244,0.0,1977.0,1917.1499999999999,13.0,3.2224000000000004,1.477596922934894,0.29,4.95,1.05,899.4615384615385
17406.0,33,1,702.1,0.5,-0.8660254037844388,0.0,270.0,702.1,19.0,2.6736842105263157,2.1551210600858903,0.65,10.95,2.1,575.2105263157895
17412.0,24,2,447.76,-0.9278685224777808,-0.35069750411108436,0.0,105.0,223.88,10.5,3.9246634615384615,2.35781447121906,0.21,8.5,4.25,595.952380952381
17419.0,33,2,374.27,-0.7071067811865471,-0.7071067811865479,0.0,101.5,187.135,9.5,2.538611111111111,4.006059829742577,0.55,14.95,1.45,961.5263157894736
17420.0,40,1,130.85,0.7071067811865476,-0.7071067811865474,0.0,53.0,130.85,7.0,5.571428571428571,6.846158116227009,1.25,19.95,1.95,402.0
17428.0,6,3,1216.99,0.31477004384431995,-0.8565578907607218,0.0,293.0,405.66333333333336,11.666666666666666,2.8349831649831647,2.014273271660677,0.19,8.5,2.55,539.4285714285714
17430.0,32,1,112.6,-0.2588190451025208,-0.9659258262890683,0.0,60.0,112.6,5.0,2.68,2.06082507748717,0.65,5.95,2.1,509.6
17449.0,26,1,684.26,0.5,-0.8660254037844387,0.0,264.0,684.26,73.0,3.4342465753424656,2.39810974045081,0.42,9.95,2.95,325.8767123287671
17450.0,34,2,2028.84,0.7071067811865476,-0.7071067811865475,0.0,393.0,1014.4199999999998,1.5,4.585,0.905096679918781,1.93,6.6,3.21,1065.3333333333333
17454.0,26,1,165.85,0.4999999999999999,-0.8660254037844387,0.0,59.0,165.85,9.0,4.561111111111111,3.666553028542081,1.25,9.95,2.95,912.0
17456.0,31,1,249.86,-0.7071067811865471,-0.7071067811865479,0.0,222.0,249.86,17.0,1.5076470588235293,0.9798885740976158,0.42,3.75,1.25,361.1764705882353
17457.0,6,1,385.8,-0.4999999999999997,-0.8660254037844388,0.0,264.0,385.8,4.0,1.58,0.9426558226627574,0.42,2.55,1.675,414.0
17460.0,38,2,70.30000000000001,-0.7865660924854927,-0.6035533905932742,0.0,13.0,35.150000000000006,1.0,6.0249999999999995,0.0,2.1,9.95,6.0249999999999995,539.0
17470.0,34,1,178.4,0.7071067811865476,-0.7071067811865475,0.0,112.0,178.4,11.0,2.2772727272727273,2.0962303828973137,0.65,7.95,1.65,398.27272727272725
17491.0,34,1,327.40000000000003,1.2246467991473532e-16,-1.0,0.0,268.0,327.40000000000003,5.0,1.4,0.9652978814852958,0.65,2.95,1.06,852.0
17496.0,25,1,271.05,0.8660254037844387,-0.49999999999999983,0.0,79.0,271.05,10.0,5.165,5.374014121471749,0.75,19.95,4.2,1086.9
17511.0,5,4,10573.22,0.3039498841980152,-0.915461481281795,0.0,2085.0,2643.305,30.5,2.514095437736498,2.1598337644274297,0.1,8.95,1.65,779.327868852459
17519.0,34,1,335.3,-0.7071067811865471,-0.7071067811865479,0.0,184.0,335.3,18.0,3.9749999999999996,2.7387873014078585,0.65,8.5,4.0,353.1666666666667
17524.0,28,1,145.0,-0.4999999999999997,-0.8660254037844388,0.0,90.0,145.0,6.0,1.5916666666666668,0.31688588903052567,1.25,2.1,1.65,551.6666666666666
17525.0,26,1,422.70000000000005,1.2246467991473532e-16,-1.0,0.0,82.0,422.70000000000005,9.0,6.005555555555556,1.8735735314574065,3.75,7.95,4.95,530.1111111111111
17526.0,27,2,238.6,0.04313650751708694,-0.994320971048178,0.0,22.0,119.3,3.0,3.9899999999999998,3.3274614948936674,2.95,10.95,3.75,88.0
17530.0,31,1,300.64,-0.8660254037844386,0.5000000000000001,0.0,194.0,300.64,65.0,2.5473846153846154,4.351049541821447,0.42,35.95,1.65,299.61538461538464
17551.0,26,1,306.84,-0.4999999999999998,-0.8660254037844389,0.0,150.0,306.84,39.0,2.5411627906976744,1.6624425651408312,0.42,8.5,2.1,513.3953488372093
17552.0,38,2,298.52,-1.0,-1.8369701987210297e-16,0.0,72.0,149.26,6.5,4.485909090909091,4.0889342861760545,0.29,9.95,2.95,248.53846153846155
17555.0,1,1,195.45,1.2246467991473532e-16,-1.0,1.0,156.0,195.45,48.0,2.358163265306122,1.936924832336673,0.42,8.5,1.65,494.6326530612245
17567.0,38,1,517.95,-0.7071067811865471,-0.707106781186548,0.0,244.0,517.95,27.0,3.511111111111111,3.3537101536763427,0.85,12.75,1.65,491.74074074074076
17572.0,40,1,70.80000000000001,1.2246467991473532e-16,-1.0,0.0,24.0,70.80000000000001,4.0,2.95,0.0,2.95,2.95,2.95,231.0
17576.0,27,2,297.0,-0.7937896662399424,-0.5941394459938857,0.0,65.0,148.5,11.0,3.5003333333333337,2.814680120555521,0.42,9.95,2.95,573.3181818181819
17580.0,24,1,46.85,-0.7071067811865471,-0.7071067811865479,0.0,11.0,46.85,3.0,4.316666666666666,0.6027713773341711,3.75,4.95,4.25,467.3333333333333
17581.0,38,2,786.78,-0.4999999999999997,-0.8660254037844388,0.0,220.5,393.39,19.0,2.2822350230414745,1.8373748591425825,0.55,12.75,1.65,729.421052631579
17585.0,4,1,417.81,-0.7071067811865471,-0.7071067811865479,0.0,571.0,417.81,28.0,1.7385714285714287,2.3903272893611347,0.19,9.95,0.85,269.17857142857144
17591.0,33,1,406.6,-0.7071067811865471,-0.7071067811865479,0.0,133.0,406.6,67.0,3.7193750000000003,3.0785210750445855,0.19,14.95,2.95,497.325
17593.0,19,1,662.9,0.49999999999999994,-0.8660254037844387,0.0,374.0,662.9,26.0,2.825384615384616,2.162164158003237,0.21,7.95,1.7999999999999998,354.38461538461536
17596.0,35,1,392.62,1.2246467991473532e-16,-1.0,0.0,530.0,392.62,56.0,2.2611666666666665,2.2763605294168596,0.21,12.75,1.65,385.03333333333336
17611.0,28,1,244.19,-0.2588190451025208,-0.9659258262890682,0.0,129.0,244.19,44.0,2.5777272727272726,2.401286344844482,0.42,8.5,1.35,348.8181818181818
17616.0,34,1,326.4,0.49999999999999994,-0.8660254037844387,0.0,128.0,326.4,1.0,2.55,0.0,2.55,2.55,2.55,4565.0
17618.0,28,1,320.28,-0.8660254037844384,-0.5000000000000004,1.0,161.0,320.28,41.0,2.8558490566037738,2.3227871470765655,0.42,12.75,2.1,475.3018867924528
17621.0,21,1,239.4,-0.2588190451025208,-0.9659258262890683,0.0,92.0,239.4,4.0,2.75,0.23094010767585058,2.55,2.95,2.75,869.5
17629.0,26,1,238.65,0.7071067811865476,-0.7071067811865475,0.0,115.0,238.65,11.0,3.722727272727273,4.568608302118033,0.85,16.95,2.55,402.1818181818182
17634.0,4,1,785.65,1.2246467991473532e-16,-1.0,0.0,165.0,785.65,74.0,5.544594594594595,3.373563292047421,1.25,14.95,4.95,295.7432432432432
17643.0,39,1,101.55,-0.4999999999999997,-0.8660254037844388,0.0,71.0,101.55,8.0,4.01875,4.210610534284615,0.65,10.95,1.475,120.625
17646.0,32,1,251.0,-0.4999999999999997,-0.8660254037844388,0.0,110.0,251.0,9.0,3.2555555555555555,2.671194073401964,0.85,8.5,2.55,336.44444444444446
17655.0,32,1,676.1,-0.8660254037844384,-0.5000000000000004,0.0,274.0,676.1,9.0,4.343333333333334,3.552629307991477,0.42,10.95,4.95,725.8888888888889
17659.0,24,2,359.95,-0.8954078809916826,-0.4290644250301534,0.0,42.5,179.97500000000002,8.5,9.559166666666668,10.227564631214339,1.25,39.95,3.75,476.47058823529414
17671.0,32,1,394.18,-0.49999999999999967,-0.8660254037844388,0.0,190.0,394.18,17.0,3.1194117647058826,1.5478875548155755,0.29,5.95,2.95,831.7058823529412
17674.0,35,1,300.66,0.49999999999999994,-0.8660254037844388,0.0,349.0,300.66,11.0,0.6581818181818182,0.5194192561278064,0.42,2.1,0.42,408.0
17675.0,5,3,1988.48,0.28217364693463,-0.8808446295650699,0.0,265.3333333333333,662.8266666666667,12.666666666666666,3.3172474747474747,1.6271976195260451,0.65,8.5,3.6,933.1842105263158
17676.0,33,1,300.7,-0.2588190451025208,-0.9659258262890683,0.0,158.0,300.7,15.0,2.2733333333333334,1.1779016856055438,0.85,4.95,1.95,698.8666666666667
17677.0,33,4,1616.6000000000001,0.7327907262791405,-0.5769230769230768,0.0,253.0,404.15000000000003,6.5,2.113375,1.4585658081082793,0.42,8.5,2.025,941.6923076923077
17682.0,35,1,391.5,-0.2588190451025208,-0.9659258262890683,0.0,210.0,391.5,18.0,2.0083333333333333,0.8004134960792968,0.85,3.75,1.65,862.1111111111111
17685.0,27,2,463.02,-0.44162930422288277,-0.8737100516694103,0.0,178.0,231.51,6.5,0.9866666666666667,1.2293260040536134,0.42,4.25,0.85,913.2307692307693
17690.0,31,4,687.9000000000001,-0.4954704006503138,-0.6752243744253363,0.0,60.5,171.97500000000002,6.5,3.85625,1.1424970249747637,1.25,8.5,3.75,753.5384615384615
17691.0,24,2,290.40000000000003,-0.38578351878778916,-0.5937643625066747,0.0,67.0,145.2,9.5,3.427222222222222,2.5359790678065384,0.85,7.95,2.95,439.36842105263156
17692.0,26,1,343.26,-0.2588190451025208,-0.9659258262890682,0.0,384.0,343.26,25.0,1.686,1.712194011592534,0.12,7.95,1.25,597.8
17696.0,31,2,175.6,0.7071067811865476,-0.7071067811865474,0.0,44.0,87.80000000000001,3.5,2.9433333333333334,2.420071624284428,1.25,6.95,1.49,151.42857142857142
17706.0,33,3,477.83,0.258819045102521,-0.9659258262890683,0.0,75.0,159.27666666666667,9.333333333333334,3.330958605664488,2.992319018558497,0.85,12.75,1.95,558.1785714285714
17707.0,3,1,83.7,-0.2588190451025208,-0.9659258262890683,0.0,78.0,83.7,3.0,1.6833333333333333,1.115048578911849,0.85,2.95,1.25,873.3333333333334
17720.0,34,1,102.0,0.49999999999999994,-0.8660254037844387,0.0,24.0,102.0,1.0,4.25,0.0,4.25,4.25,4.25,993.0
17722.0,33,1,910.14,1.2246467991473532e-16,-1.0,0.0,525.0,910.14,45.0,3.440444444444444,4.436845703648009,0.42,16.95,1.69,332.0888888888889
17732.0,39,1,303.97,0.7071067811865476,-0.7071067811865475,0.0,93.0,303.97,18.0,4.9494444444444445,3.297771925588944,0.85,12.75,3.45,986.8333333333334
17735.0,34,1,454.6,0.49999999999999994,-0.8660254037844388,0.0,218.0,454.6,22.0,2.409090909090909,1.2028375542101195,0.55,4.95,2.1,757.6363636363636
17739.0,27,1,360.06,-0.4999999999999997,-0.8660254037844389,0.0,90.0,360.06,5.0,3.878,0.9256997353353841,2.55,4.95,4.25,1086.2
17744.0,25,1,377.52,-0.4999999999999997,-0.8660254037844388,0.0,544.0,377.52,19.0,0.8773684210526315,0.845069636218507,0.21,3.95,0.85,262.89473684210526
17752.0,25,1,80.64,-0.8660254037844384,-0.5000000000000004,0.0,192.0,80.64,1.0,0.42,0.0,0.42,0.42,0.42,286.0
17757.0,1,5,711.3000000000001,-0.6490525367618272,-0.6604606540654716,0.23809523809523808,68.8,142.26,21.0,2.9854741101918676,2.4107588049177777,0.42,9.95,1.95,436.1142857142857
17760.0,39,1,172.54,-0.7071067811865471,-0.7071067811865479,0.0,165.0,172.54,9.0,2.6244444444444444,2.4829927059453434,0.42,8.5,2.1,258.44444444444446
17787.0,38,1,736.28,-0.2588190451025208,-0.9659258262890683,0.0,356.0,736.28,30.0,3.507096774193548,3.157054738780421,0.42,12.75,2.1,374.7096774193548
17790.0,24,5,399.55,0.49999999999999994,-0.8660254037844387,0.0,36.0,79.91,4.8,3.560857142857143,2.856783995493699,0.85,16.95,2.55,748.2916666666666
17796.0,1,2,396.9,0.16775308478867107,-0.9779148874095812,1.0,50.5,198.45,26.0,4.06312030075188,2.018556392236456,0.95,9.95,3.75,244.88888888888889
17799.0,28,1,223.48,-0.2588190451025208,-0.9659258262890683,0.0,133.0,223.48,30.0,2.186969696969697,1.1722747247565437,0.42,4.25,2.1,295.72727272727275
17800.0,1,1,136.05,-0.2588190451025208,-0.9659258262890683,1.0,98.0,136.05,11.0,2.9166666666666665,3.0136306503899406,0.65,9.95,1.65,199.91666666666666
17802.0,39,1,100.2,-0.2588190451025208,-0.9659258262890683,0.0,75.0,100.2,12.0,1.5350000000000001,0.5499338803231465,0.42,2.1,1.25,700.8333333333334
17809.0,38,3,1251.5,0.047140452079103286,-0.9804737854124366,0.0,119.33333333333333,417.1666666666667,5.0,3.147435897435898,2.1511475768612196,0.85,7.95,3.75,494.3333333333333
17812.0,34,1,217.54999999999998,-0.7071067811865471,-0.7071067811865479,0.0,144.0,217.54999999999998,27.0,2.3424242424242423,1.9641760841110807,0.3,9.95,1.65,556.8181818181819
17816.0,32,1,16.21,-0.4999999999999997,-0.8660254037844389,0.0,16.0,16.21,10.0,1.091,0.6867548487067436,0.25,2.1,0.85,199.4
17819.0,29,2,980.1199999999999,-0.4285714285714283,-0.8851646318152333,0.14285714285714285,137.0,490.06,7.0,7.142916666666666,2.0557132537577676,0.29,12.75,2.1,758.4285714285714
17827.0,31,3,1271.8,0.28035305893265305,-0.9570061457082977,0.0,247.66666666666666,423.93333333333334,37.0,3.795459770114942,3.0386516897834226,0.21,12.75,1.67,392.2142857142857
17838.0,31,2,935.5600000000001,-0.7071067811865471,-0.7071067811865479,0.0,275.0,467.78000000000003,20.0,3.8086424731182795,2.911978521708411,0.55,12.75,2.1,226.02325581395348
17841.0,1,8,3171.76,-0.4398173933588724,-0.825423561073882,0.12432432432432433,169.125,396.46999999999997,45.25,3.379080399989629,3.1636921530900413,0.12,16.95,2.55,408.8864864864865
17848.0,24,1,97.3,-1.0,-1.8369701987210297e-16,0.0,22.0,97.3,5.0,6.709999999999999,5.516158083303995,2.55,12.75,2.95,458.8
17850.0,38,34,5391.21,0.23610590134974554,-0.7877753949325077,0.0,50.970588235294116,158.565,8.735294117647058,3.0139106793050634,2.4231765362516797,1.06,35.75,2.55,760.5555555555555
17855.0,39,1,208.97,0.7071067811865476,-0.7071067811865475,0.0,197.0,208.97,17.0,1.7658823529411765,2.3157289857179135,0.42,9.95,1.25,435.94117647058823
17857.0,24,2,1340.7,0.03385015532512914,-0.8727406610312546,0.0,1082.0,670.35,2.5,0.7025,0.49467160824126544,0.36,1.45,0.55,1759.2
17858.0,26,2,1556.85,-0.2588190451025208,-0.9659258262890683,0.7037037037037037,811.5,778.425,12.5,3.1026315789473684,4.2874566303025325,0.55,29.95,1.25,307.3333333333333
17860.0,35,1,252.8,1.2246467991473532e-16,-1.0,0.0,104.0,252.8,49.0,2.556379310344828,1.4607072287030969,0.29,7.95,2.1,391.63793103448273
17863.0,36,1,384.71999999999997,-0.2588190451025208,-0.9659258262890683,1.0,276.0,384.71999999999997,21.0,1.4695238095238095,0.7837313072123391,0.42,3.75,1.65,465.42857142857144
17865.0,23,2,1079.83,-0.5295866830266494,-0.8433227434133115,0.0,220.5,539.915,21.0,4.009444444444444,2.452751630013063,0.42,10.95,2.1,345.35714285714283
17869.0,34,1,214.32,-0.9659258262890683,-0.25881904510252063,0.0,67.0,214.32,16.0,5.483125,6.8312621759574315,0.29,29.95,4.0,331.5625
17870.0,33,1,326.4,0.8660254037844387,-0.4999999999999998,0.0,128.0,326.4,1.0,2.55,0.0,2.55,2.55,2.55,463.0
17873.0,39,1,215.14999999999998,-0.4999999999999997,-0.8660254037844388,0.0,129.0,215.14999999999998,7.0,2.0166666666666666,2.047559522944327,0.85,6.75,0.85,93.55555555555556
17880.0,31,1,458.92,0.49999999999999994,-0.8660254037844387,0.0,314.0,458.92,26.0,2.4615384615384617,2.1995757632919894,0.42,7.95,1.65,545.5384615384615
17884.0,34,2,324.62,-0.3977475644174327,-0.8352475644174332,0.0,118.0,162.31,30.5,2.3196626984126985,1.4547668527621247,0.42,9.95,2.1,444.84375
17888.0,24,1,29.43,-0.2588190451025208,-0.9659258262890683,0.0,52.0,29.43,3.0,1.2633333333333334,1.4606961810497534,0.42,2.95,0.42,135.0
17890.0,27,1,476.96,-0.7071067811865471,-0.7071067811865479,0.0,343.0,476.96,61.0,2.26796875,1.9294897587617996,0.25,12.75,1.5499999999999998,294.125
17894.0,19,4,515.85,0.06700952484895882,-0.9072886217754813,0.0,55.5,128.9625,22.75,2.741153626355405,2.2817600686122197,0.21,15.95,1.65,686.7717391304348
17897.0,33,2,434.62,-0.3633743181097533,-0.8494854292208649,0.0,78.0,217.31,32.5,3.429397683397683,4.117949520384336,0.29,39.95,2.175,384.4583333333333
17905.0,18,2,394.15,-0.3672487520100061,-0.8827247858803062,0.0,86.0,197.075,13.5,3.351130434782609,2.3948769408862254,1.25,19.95,2.95,172.64285714285714
17908.0,40,1,243.28,0.258819045102521,-0.9659258262890682,0.0,173.0,243.28,51.0,2.6725862068965514,1.9896015296596339,0.12,7.95,2.025,426.9310344827586
17912.0,25,4,289.41,-0.39292581056493053,-0.6998887270978494,0.0,45.25,72.3525,8.75,4.647714285714286,2.917882474981244,0.21,12.75,2.1,225.66666666666666
17913.0,22,1,218.05,0.258819045102521,-0.9659258262890682,1.0,100.0,218.05,31.0,3.0393548387096776,1.6334359195345887,0.42,7.95,2.95,324.741935483871
17917.0,29,1,110.91,1.2246467991473532e-16,-1.0,1.0,56.0,110.91,28.0,2.331034482758621,1.3048572577313533,0.16,4.95,2.25,227.13793103448276
17920.0,34,2,735.91,0.09305249474023226,-0.8972630729412056,0.0,151.0,367.955,34.0,2.921388888888889,2.271453558580199,0.42,9.95,2.1,361.69473684210527
17924.0,40,1,279.0,0.49999999999999994,-0.8660254037844387,0.0,60.0,279.0,2.0,4.65,0.0,4.65,4.65,4.65,175.0
17925.0,39,1,244.08,0.49999999999999994,-0.8660254037844387,0.0,72.0,244.08,1.0,3.39,0.0,3.39,3.39,3.39,2015.0
17937.0,27,2,2153.88,-0.4999999999999997,-0.8660254037844388,0.7222222222222222,402.0,1076.94,9.0,3.252846153846154,2.3480087608104308,0.42,8.5,2.9699999999999998,416.6111111111111
17949.0,4,2,1746.0,0.12059047744873957,-0.9159756150367535,0.0,360.0,873.0,1.0,5.835,0.0,0.72,10.95,5.835,2360.0
17950.0,31,2,263.17,-0.7071067811865471,-0.7071067811865479,0.0,93.0,131.585,19.5,2.3111538461538466,1.9910759977717136,0.42,8.5,2.1,258.2564102564103
17951.0,25,2,409.50000000000006,1.2246467991473532e-16,-1.0,0.0,110.0,204.75,4.5,2.99,2.9203494447064133,0.42,12.75,2.1,887.5555555555555
17954.0,34,2,128.68,-0.4666666666666664,-0.8749570435321429,0.0,31.0,64.34,7.5,6.294285714285714,2.4404251115891116,0.55,9.95,1.95,609.2666666666667
17961.0,19,3,569.75,-0.15854547253363135,-0.41386122923342,0.0,43.666666666666664,189.91666666666666,25.333333333333332,5.218344280240832,9.121064040667298,0.42,125.0,2.95,251.76623376623377
17964.0,39,1,261.76,-0.2588190451025208,-0.9659258262890682,0.0,195.0,261.76,35.0,3.561714285714286,3.3266760355312854,0.21,11.95,2.1,279.22857142857146
17965.0,31,2,156.8,-0.9145728111794096,-0.20623947784607663,0.2916666666666667,31.0,78.4,11.5,3.8680672268907563,2.6065046973062094,0.85,8.5,3.35,817.7916666666666
17967.0,38,1,123.07,0.258819045102521,-0.9659258262890682,0.0,80.0,123.07,41.0,1.8797916666666667,1.7551219750100333,0.21,9.95,1.45,368.9791666666667
17968.0,40,1,277.35,1.2246467991473532e-16,-1.0,0.0,160.0,277.35,74.0,1.9291764705882353,1.2499497244791449,0.29,7.95,1.65,522.2588235294118
17969.0,27,1,125.2,-0.7071067811865471,-0.7071067811865479,0.0,131.0,125.2,7.0,2.745714285714286,2.288877870215426,0.3,5.95,2.1,406.57142857142856
17975.0,6,3,1053.3700000000001,-0.008924794658707507,-0.9659258262890683,0.0,108.33333333333333,351.1233333333334,19.333333333333332,3.8415555555555563,2.8424783201782176,0.42,16.95,2.1,317.91379310344826
17976.0,39,1,353.19,-0.2588190451025208,-0.9659258262890683,0.0,106.0,353.19,56.0,3.532,2.2667109983409883,0.19,12.75,2.95,448.96923076923076
17978.0,32,1,300.91999999999996,-0.4999999999999997,-0.8660254037844388,0.0,499.0,300.91999999999996,12.0,2.3633333333333333,2.170053762774861,0.36,7.95,1.65,641.5833333333334
17980.0,25,1,295.2,-0.7071067811865471,-0.7071067811865479,0.0,235.0,295.2,15.0,2.1566666666666667,2.0121831309254516,0.55,8.5,1.25,782.4666666666667
17990.0,20,2,316.0,1.2246467991473532e-16,-1.0,0.0,62.0,158.0,6.0,3.6921428571428576,1.6020051412270697,0.85,4.95,4.300000000000001,1372.75
17999.0,32,1,190.34,-0.7071067811865471,-0.7071067811865479,0.0,94.0,190.34,37.0,3.632631578947368,3.420134092685372,0.19,16.95,2.75,291.3157894736842
18004.0,29,1,169.47,-0.2588190451025208,-0.9659258262890683,1.0,78.0,169.47,32.0,2.76525,2.692379547575922,0.16,12.75,1.67,390.35
18011.0,39,1,102.78999999999999,-0.9659258262890683,-0.25881904510252063,0.0,71.0,102.78999999999999,28.0,2.3610714285714285,2.0364008542409913,0.19,9.95,1.65,383.5357142857143
18016.0,30,1,156.65,-0.9659258262890682,-0.25881904510252063,0.0,65.0,156.65,19.0,3.2473684210526317,1.9520981364938916,0.85,6.75,2.95,266.0
18037.0,28,1,31.3,-0.8660254037844384,-0.5000000000000004,1.0,6.0,31.3,6.0,5.216666666666667,7.229568912920511,1.95,19.95,2.25,407.5
18041.0,3,4,1011.99,-0.04111892515843557,-0.914917693312659,0.0,211.0,252.9975,30.0,1.8088578045731931,1.52435310450796,0.29,9.95,1.25,469.6131386861314
18043.0,33,1,316.46,1.2246467991473532e-16,-1.0,0.0,172.0,316.46,59.0,2.895,2.280489319962174,0.21,9.95,2.025,447.77272727272725
18044.0,27,1,74.25,1.2246467991473532e-16,-1.0,0.0,53.0,74.25,6.0,2.3000000000000003,2.7811867970346764,0.65,7.95,1.25,248.0
18050.0,26,1,74.4,-0.4999999999999997,-0.8660254037844389,0.0,40.0,74.4,5.0,2.31,1.3722244714331542,0.85,3.75,1.95,288.2
18055.0,25,3,1751.1200000000001,0.35730475455150407,-0.8689447871357032,0.23170731707317074,182.0,583.7066666666666,27.333333333333332,4.766065162907268,3.5332999019913474,0.85,19.95,4.25,473.5
18061.0,33,1,405.16,-0.2588190451025208,-0.9659258262890683,0.0,248.0,405.16,6.0,4.851666666666667,2.7189734582497613,1.06,7.95,4.45,176.0
18062.0,4,1,169.8,0.4999999999999999,-0.8660254037844387,0.0,184.0,169.8,5.0,1.014,0.6806100204963192,0.42,2.1,0.65,363.8
18065.0,31,2,345.02,1.2246467991473532e-16,-1.0,0.0,92.0,172.51,10.5,3.38,2.2703451977558173,0.29,7.95,3.75,760.1904761904761
18071.0,32,1,258.95,0.49999999999999994,-0.8660254037844387,0.0,157.0,258.95,14.0,2.689285714285714,3.0383559934374285,1.25,12.75,1.45,343.64285714285717
18074.0,40,1,489.6,0.7071067811865477,-0.7071067811865475,0.0,190.0,489.6,13.0,4.7807692307692315,3.6980590889872254,0.65,12.75,2.95,663.6153846153846
18075.0,27,1,198.95000000000002,0.49999999999999994,-0.8660254037844387,0.0,117.0,198.95000000000002,12.0,2.8891666666666667,2.9197834861613634,0.42,9.95,2.1,947.6666666666666
18077.0,22,2,396.33,0.38610899352063494,-0.9132006033005138,0.4722222222222222,153.0,198.16500000000002,18.0,1.7146594427244581,1.2595661722881866,0.42,5.95,1.25,423.6388888888889
18085.0,40,1,303.9,1.2246467991473532e-16,-1.0,0.0,78.0,303.9,9.0,3.8444444444444446,0.93355652093367,2.1,4.95,3.75,772.3333333333334
18092.0,18,3,2852.64,0.20814937154009527,-0.8397794208199367,0.0,298.6666666666667,950.88,6.333333333333333,3.920666666666667,2.1690404194416124,0.65,10.95,3.39,840.421052631579
18097.0,6,2,657.1800000000001,0.06250000000000008,-0.8660254037844387,0.0,263.0,328.59000000000003,8.0,2.1373015873015873,1.893292398922072,0.12,9.95,1.775,797.0
18102.0,32,4,27834.61,-0.8322917171909985,-0.5258847681271709,0.0,1673.75,6958.6525,4.5,10.851277777777778,8.78920555440403,2.31,52.77,4.78,1145.2777777777778
18109.0,5,3,691.73,0.2692307692307693,-0.9278598328070055,0.5384615384615384,51.0,230.57666666666668,12.666666666666666,4.93415343915344,3.5990023845949772,0.85,12.75,2.95,616.4615384615385
18113.0,35,1,76.32000000000001,1.2246467991473532e-16,-1.0,0.0,72.0,76.32000000000001,1.0,1.06,0.0,1.06,1.06,1.06,1644.0
18116.0,17,3,665.57,-0.544020607739907,-0.7067478912006061,0.0,99.0,221.85666666666665,50.666666666666664,2.8215957027399963,2.411327669470529,0.2,12.75,1.95,477.60645161290324
18118.0,31,2,608.51,1.2246467991473532e-16,-1.0,0.7814569536423841,135.5,304.255,74.5,2.6281368772470466,2.930291245064004,0.42,16.95,1.65,432.7549668874172
18119.0,34,1,181.12,0.258819045102521,-0.9659258262890682,0.0,125.0,181.12,29.0,2.7823333333333333,2.6204404517026405,0.42,11.95,2.1,138.63333333333333
18144.0,27,2,502.65,-0.2588190451025208,-0.9659258262890683,0.0,159.5,251.325,3.5,2.14625,1.163857002783643,1.25,4.95,1.65,981.8571428571429
18156.0,36,1,206.23000000000002,1.2246467991473532e-16,-1.0,1.0,73.0,206.23000000000002,50.0,2.9816363636363636,1.6311013816350342,0.85,6.95,2.95,368.2909090909091
18168.0,26,2,449.94,-0.6126710630453781,-0.29720794655048266,0.0,102.0,224.97000000000003,19.0,3.989953703703704,3.090805496469325,0.42,10.95,2.55,403.9230769230769
18176.0,24,1,476.35,-0.7071067811865471,-0.7071067811865479,0.0,283.0,476.35,30.0,2.6816666666666666,2.6400262320187515,0.55,10.75,1.5499999999999998,278.9
18178.0,31,1,300.65000000000003,1.2246467991473532e-16,-1.0,0.0,105.0,300.65000000000003,16.0,3.290625,1.2142513125378946,1.25,4.95,3.75,805.25
18179.0,3,1,335.8,-0.4999999999999997,-0.8660254037844388,0.0,223.0,335.8,18.0,3.026111111111111,3.4508449756185273,0.42,12.75,1.35,487.55555555555554
18198.0,3,1,300.54,-0.2588190451025208,-0.9659258262890682,0.0,222.0,300.54,19.0,1.5063157894736843,0.9629423112195468,0.42,2.95,1.25,763.6315789473684
18219.0,27,2,390.06,0.27083333333333337,-0.9274304270499044,0.0,71.0,195.03,12.0,4.466608391608392,3.233962473705736,0.85,9.95,3.45,672.3333333333334
18223.0,24,1,501.69,-0.8660254037844384,-0.5000000000000004,0.0,195.0,501.69,21.0,3.763333333333333,2.837899457932457,0.85,9.95,2.1,697.0952380952381
18225.0,31,1,30.0,-0.7071067811865471,-0.7071067811865479,0.0,16.0,30.0,2.0,2.5,1.7677669529663689,1.25,3.75,2.5,296.5
18226.0,4,1,417.3,0.7071067811865476,-0.7071067811865475,0.0,366.0,417.3,21.0,3.0719047619047615,3.197376454294394,0.21,9.95,1.45,686.047619047619
18229.0,33,2,653.2,-0.45621778264910684,-0.6098076211353319,0.0,56.0,326.6,5.0,5.65,2.992327825391224,3.75,14.95,3.75,233.5
18239.0,38,1,438.1,-0.9659258262890683,-0.25881904510252063,0.0,208.0,438.1,29.0,3.341379310344828,2.478301152197856,0.85,8.5,2.95,386.2413793103448
18245.0,21,1,365.73,-0.4999999999999997,-0.8660254037844388,1.0,297.0,365.73,27.0,1.6803703703703703,1.293586194331573,0.42,4.65,1.25,442.77777777777777
18259.0,33,1,376.30000000000007,-0.2588190451025208,-0.9659258262890683,0.0,116.0,376.30000000000007,7.0,3.1571428571428575,1.114087283919207,2.1,4.65,2.95,1288.4285714285713
18260.0,24,1,230.70000000000002,-1.0,-1.8369701987210297e-16,0.0,58.0,230.70000000000002,11.0,5.540909090909091,3.8111558733419826,0.85,12.75,3.75,389.54545454545456
18269.0,33,1,168.6,-0.2588190451025208,-0.9659258262890683,0.0,76.0,168.6,7.0,3.164285714285714,1.4803474495633016,0.85,4.95,3.35,565.2857142857143
18283.0,4,1,108.45,-0.4999999999999998,-0.8660254037844388,0.0,61.0,108.45,57.0,1.7710526315789474,1.0725864670614245,0.55,5.95,1.65,597.3859649122807
